0;0;0;0;x;x;
1;42;3;128;PROV1;x;
2;84;6;1;PROV2;x;
3;126;9;129;PROV3;x;
4;168;12;2;PROV4;x;
5;0;15;130;PROV5;x;
6;168;45;177;PROV6;x;
7;84;21;131;PROV7;x;
8;126;24;4;PROV8;x;
9;168;27;132;PROV9;x;
10;0;30;5;PROV10;x;
11;42;33;133;PROV11;x;
12;84;36;6;PROV12;x;
13;126;39;134;PROV13;x;
14;168;42;7;PROV14;x;
15;0;45;135;PROV15;x;
16;42;48;8;PROV16;x;
17;84;51;136;PROV17;x;
18;126;54;9;PROV18;x;
19;168;57;137;PROV19;x;
20;0;60;10;PROV20;x;
21;42;63;138;PROV21;x;
22;84;66;11;PROV22;x;
23;126;69;139;PROV23;x;
24;168;72;12;PROV24;x;
25;0;75;140;PROV25;x;
26;42;78;13;PROV26;x;
27;84;81;141;PROV27;x;
28;126;84;14;PROV28;x;
29;168;87;142;PROV29;x;
30;0;90;15;PROV30;x;
31;42;93;143;PROV31;x;
32;84;96;16;PROV32;x;
33;126;99;144;PROV33;x;
34;168;102;17;PROV34;x;
35;0;105;145;PROV35;x;
36;42;108;18;PROV36;x;
37;84;111;146;PROV37;x;
38;126;114;19;PROV38;x;
39;168;117;147;PROV39;x;
40;0;120;20;PROV40;x;
41;42;123;148;PROV41;x;
42;84;126;21;PROV42;x;
43;126;129;149;PROV43;x;
44;168;132;22;PROV44;x;
45;0;135;150;PROV45;x;
46;42;138;23;PROV46;x;
47;84;141;151;PROV47;x;
48;126;144;24;PROV48;x;
49;168;147;152;PROV49;x;
50;0;150;25;PROV50;x;
51;42;153;153;PROV51;x;
52;84;156;26;PROV52;x;
53;126;159;154;PROV53;x;
54;168;162;27;PROV54;x;
55;0;165;155;PROV55;x;
56;42;168;28;PROV56;x;
57;84;171;156;PROV57;x;
58;126;174;29;PROV58;x;
59;168;177;157;PROV59;x;
60;0;180;30;PROV60;x;
61;42;183;158;PROV61;x;
62;84;186;31;PROV62;x;
63;126;189;159;PROV63;x;
64;168;192;32;PROV64;x;
65;0;195;160;PROV65;x;
66;42;198;33;PROV66;x;
67;84;201;161;PROV67;x;
68;126;204;34;PROV68;x;
69;168;207;162;PROV69;x;
70;0;210;35;PROV70;x;
71;42;0;163;PROV71;x;
72;84;3;36;PROV72;x;
73;126;6;164;PROV73;x;
74;168;9;37;PROV74;x;
75;0;12;165;PROV75;x;
76;42;15;38;PROV76;x;
77;84;18;166;PROV77;x;
78;126;21;39;PROV78;x;
79;168;24;167;PROV79;x;
80;0;27;40;PROV80;x;
81;42;30;168;PROV81;x;
82;84;33;41;PROV82;x;
83;126;36;169;PROV83;x;
84;168;39;42;PROV84;x;
85;0;42;170;PROV85;x;
86;42;45;43;PROV86;x;
87;84;48;171;PROV87;x;
88;126;51;44;PROV88;x;
89;168;54;172;PROV89;x;
90;0;57;45;PROV90;x;
91;42;60;173;PROV91;x;
92;84;63;46;PROV92;x;
93;126;66;174;PROV93;x;
94;168;69;47;PROV94;x;
95;0;72;175;PROV95;x;
96;42;75;48;PROV96;x;
97;84;78;176;PROV97;x;
98;126;81;49;PROV98;x;
99;168;84;177;PROV99;x;
100;0;87;50;PROV100;x;
101;42;90;178;PROV101;x;
102;84;93;51;PROV102;x;
103;126;96;179;PROV103;x;
104;168;99;52;PROV104;x;
105;0;102;180;PROV105;x;
106;42;105;53;PROV106;x;
107;84;108;181;PROV107;x;
108;126;111;54;PROV108;x;
109;168;114;182;PROV109;x;
110;0;117;55;PROV110;x;
111;42;120;183;PROV111;x;
112;84;123;56;PROV112;x;
113;126;126;184;PROV113;x;
114;84;138;186;PROV114;x;
115;168;129;57;PROV115;x;
116;0;132;185;PROV116;x;
117;42;135;58;PROV117;x;
118;126;141;59;PROV118;x;
119;168;144;187;PROV119;x;
120;0;147;60;PROV120;x;
121;42;150;188;PROV121;x;
122;84;153;61;PROV122;x;
123;126;156;189;PROV123;x;
124;168;159;62;PROV124;x;
125;0;162;190;PROV125;x;
126;42;165;63;PROV126;x;
127;84;168;191;PROV127;x;
128;126;171;64;PROV128;x;
129;168;174;192;PROV129;x;
130;0;177;65;PROV130;x;
131;42;180;193;PROV131;x;
132;84;183;66;PROV132;x;
133;126;186;194;PROV133;x;
134;168;189;67;PROV134;x;
135;0;192;195;PROV135;x;
136;42;195;68;PROV136;x;
137;84;198;196;PROV137;x;
138;126;201;69;PROV138;x;
139;168;204;197;PROV139;x;
140;0;207;70;PROV140;x;
141;42;210;198;PROV141;x;
142;84;0;71;PROV142;x;
143;126;3;199;PROV143;x;
144;168;6;72;PROV144;x;
145;0;9;200;PROV145;x;
146;42;12;73;PROV146;x;
147;84;15;201;PROV147;x;
148;126;18;74;PROV148;x;
149;168;21;202;PROV149;x;
150;0;24;75;PROV150;x;
151;42;27;203;PROV151;x;
152;84;30;76;PROV152;x;
153;126;33;204;PROV153;x;
154;168;36;77;PROV154;x;
155;0;39;205;PROV155;x;
156;42;42;78;PROV156;x;
157;84;45;206;PROV157;x;
158;126;48;79;PROV158;x;
159;168;51;207;PROV159;x;
160;0;54;80;PROV160;x;
161;42;57;208;PROV161;x;
162;84;60;81;PROV162;x;
163;126;63;209;PROV163;x;
164;168;66;82;PROV164;x;
165;0;69;210;PROV165;x;
166;42;72;83;PROV166;x;
167;84;75;211;PROV167;x;
168;126;78;84;PROV168;x;
169;168;81;212;PROV169;x;
170;0;84;85;PROV170;x;
171;42;87;213;PROV171;x;
172;84;90;86;PROV172;x;
173;126;93;214;PROV173;x;
174;168;96;87;PROV174;x;
175;0;99;215;PROV175;x;
176;42;102;88;PROV176;x;
177;84;105;216;PROV177;x;
178;126;108;89;PROV178;x;
179;168;111;217;PROV179;x;
180;0;114;90;PROV180;x;
181;42;117;218;PROV181;x;
182;84;120;91;PROV182;x;
183;126;123;219;PROV183;x;
184;168;126;92;PROV184;x;
185;0;129;220;PROV185;x;
186;42;132;93;PROV186;x;
187;84;135;221;PROV187;x;
188;126;138;94;PROV188;x;
189;168;141;222;PROV189;x;
190;0;144;95;PROV190;x;
191;42;147;223;PROV191;x;
192;84;150;96;PROV192;x;
193;126;153;224;PROV193;x;
194;168;156;97;PROV194;x;
195;0;159;225;PROV195;x;
196;42;162;98;PROV196;x;
197;84;165;226;PROV197;x;
198;126;168;99;PROV198;x;
199;168;171;227;PROV199;x;
200;0;174;0;PROV200;x;
201;42;177;128;PROV201;x;
202;84;180;1;PROV202;x;
203;126;183;129;PROV203;x;
204;168;186;2;PROV204;x;
205;0;189;130;PROV205;x;
206;42;192;3;PROV206;x;
207;84;195;131;PROV207;x;
208;126;198;4;PROV208;x;
209;168;201;132;PROV209;x;
210;0;204;5;PROV210;x;
211;42;207;133;PROV211;x;
212;84;210;6;PROV212;x;
213;126;0;134;PROV213;x;
214;168;3;7;PROV214;x;
215;0;6;135;PROV215;x;
216;42;9;8;PROV216;x;
217;84;12;136;PROV217;x;
218;126;15;9;PROV218;x;
219;168;18;137;PROV219;x;
220;0;21;10;PROV220;x;
221;42;24;138;PROV221;x;
222;84;27;11;PROV222;x;
223;126;30;139;PROV223;x;
224;168;33;12;PROV224;x;
225;0;36;140;PROV225;x;
226;42;39;13;PROV226;x;
227;84;42;141;PROV227;x;
228;126;45;14;PROV228;x;
229;168;48;142;PROV229;x;
230;0;51;15;PROV230;x;
231;42;54;143;PROV231;x;
232;84;57;16;PROV232;x;
233;126;60;144;PROV233;x;
234;168;63;17;PROV234;x;
235;0;66;145;PROV235;x;
236;42;69;18;PROV236;x;
237;84;72;146;PROV237;x;
238;126;75;19;PROV238;x;
239;168;78;147;PROV239;x;
240;0;81;20;PROV240;x;
241;42;84;148;PROV241;x;
242;84;87;21;PROV242;x;
243;126;138;49;PROV243;x;
244;168;93;22;PROV244;x;
245;0;96;150;PROV245;x;
246;42;99;23;PROV246;x;
247;84;102;151;PROV247;x;
248;126;105;24;PROV248;x;
249;168;108;152;PROV249;x;
250;0;111;25;PROV250;x;
251;42;114;153;PROV251;x;
252;84;117;26;PROV252;x;
253;126;120;154;PROV253;x;
254;168;123;27;PROV254;x;
255;0;126;155;PROV255;x;
256;42;129;28;PROV256;x;
257;84;132;156;PROV257;x;
258;126;135;29;PROV258;x;
259;168;138;157;PROV259;x;
260;0;141;30;PROV260;x;
261;42;144;158;PROV261;x;
262;84;147;31;PROV262;x;
263;126;150;159;PROV263;x;
264;168;153;32;PROV264;x;
265;0;156;160;PROV265;x;
266;42;159;33;PROV266;x;
267;84;162;161;PROV267;x;
268;126;165;34;PROV268;x;
269;168;168;162;PROV269;x;
270;0;171;35;PROV270;x;
271;42;174;163;PROV271;x;
272;84;177;36;PROV272;x;
273;126;180;164;PROV273;x;
274;168;183;37;PROV274;x;
275;0;186;165;PROV275;x;
276;42;189;38;PROV276;x;
277;84;192;166;PROV277;x;
278;126;195;39;PROV278;x;
279;168;198;167;PROV279;x;
280;0;201;40;PROV280;x;
281;42;204;168;PROV281;x;
282;84;207;41;PROV282;x;
283;126;210;169;PROV283;x;
284;168;0;42;PROV284;x;
285;0;3;170;PROV285;x;
286;42;6;43;PROV286;x;
287;84;9;171;PROV287;x;
288;126;12;44;PROV288;x;
289;168;15;172;PROV289;x;
290;0;18;45;PROV290;x;
291;42;21;173;PROV291;x;
292;84;24;46;PROV292;x;
293;126;27;174;PROV293;x;
294;168;30;47;PROV294;x;
295;0;33;175;PROV295;x;
296;42;36;48;PROV296;x;
297;84;39;176;PROV297;x;
298;126;42;49;PROV298;x;
299;43;81;138;PROV299;x;
300;0;48;50;PROV300;x;
301;42;51;178;PROV301;x;
302;84;54;51;PROV302;x;
303;126;57;179;PROV303;x;
304;168;60;52;PROV304;x;
305;0;63;180;PROV305;x;
306;42;66;53;PROV306;x;
307;84;69;181;PROV307;x;
308;126;72;54;PROV308;x;
309;168;75;182;PROV309;x;
310;0;78;55;PROV310;x;
311;42;81;183;PROV311;x;
312;84;84;56;PROV312;x;
313;126;87;184;PROV313;x;
314;168;90;57;PROV314;x;
315;0;93;185;PROV315;x;
316;42;96;58;PROV316;x;
317;84;99;186;PROV317;x;
318;126;102;59;PROV318;x;
319;168;105;187;PROV319;x;
320;0;108;60;PROV320;x;
321;42;111;188;PROV321;x;
322;84;114;61;PROV322;x;
323;126;117;189;PROV323;x;
324;168;120;62;PROV324;x;
325;0;123;190;PROV325;x;
326;42;141;193;PROV326;x;
327;84;144;66;PROV327;x;
328;126;147;194;PROV328;x;
329;168;150;67;PROV329;x;
330;0;153;195;PROV330;x;
331;42;156;68;PROV331;x;
332;84;159;196;PROV332;x;
333;126;162;69;PROV333;x;
334;168;165;197;PROV334;x;
335;0;168;70;PROV335;x;
336;42;171;198;PROV336;x;
337;84;174;71;PROV337;x;
338;126;177;199;PROV338;x;
339;168;180;72;PROV339;x;
340;0;183;200;PROV340;x;
341;42;186;73;PROV341;x;
342;84;189;201;PROV342;x;
343;126;192;74;PROV343;x;
344;168;195;202;PROV344;x;
345;0;198;75;PROV345;x;
346;42;201;203;PROV346;x;
347;84;204;76;PROV347;x;
348;126;207;204;PROV348;x;
349;168;210;77;PROV349;x;
350;0;0;205;PROV350;x;
351;42;3;78;PROV351;x;
352;84;6;206;PROV352;x;
353;126;9;79;PROV353;x;
354;168;12;207;PROV354;x;
355;0;15;80;PROV355;x;
356;42;18;208;PROV356;x;
357;84;21;81;PROV357;x;
358;126;24;209;PROV358;x;
359;168;27;82;PROV359;x;
360;0;30;210;PROV360;x;
361;0;42;20;PROV361;x;
362;42;45;148;PROV362;x;
363;84;48;21;PROV363;x;
364;126;51;149;PROV364;x;
365;168;54;22;PROV365;x;
366;0;57;150;PROV366;x;
367;42;60;23;PROV367;x;
368;84;63;151;PROV368;x;
369;126;66;24;PROV369;x;
370;168;69;152;PROV370;x;
371;0;72;25;PROV371;x;
372;42;75;153;PROV372;x;
373;84;78;26;PROV373;x;
374;126;81;154;PROV374;x;
375;168;84;27;PROV375;x;
376;0;87;155;PROV376;x;
377;84;81;91;PROV377;x;
378;126;84;219;PROV378;x;
379;168;87;92;PROV379;x;
380;0;90;220;PROV380;x;
381;42;93;93;PROV381;x;
382;84;96;221;PROV382;x;
383;126;99;94;PROV383;x;
384;168;102;222;PROV384;x;
385;0;105;95;PROV385;x;
386;42;108;223;PROV386;x;
387;84;111;96;PROV387;x;
388;126;114;224;PROV388;x;
389;168;117;97;PROV389;x;
390;0;120;225;PROV390;x;
391;42;123;98;PROV391;x;
392;84;126;226;PROV392;x;
393;126;129;99;PROV393;x;
394;168;132;227;PROV394;x;
395;0;135;0;PROV395;x;
396;42;138;128;PROV396;x;
397;84;141;1;PROV397;x;
398;126;144;129;PROV398;x;
399;168;147;2;PROV399;x;
400;0;150;130;PROV400;x;
401;42;153;3;PROV401;x;
402;84;156;131;PROV402;x;
403;126;159;4;PROV403;x;
404;168;162;132;PROV404;x;
405;0;165;5;PROV405;x;
406;42;168;133;PROV406;x;
407;84;171;6;PROV407;x;
408;126;174;134;PROV408;x;
409;168;177;7;PROV409;x;
410;0;180;135;PROV410;x;
411;42;183;8;PROV411;x;
412;84;186;136;PROV412;x;
413;126;189;9;PROV413;x;
414;168;192;137;PROV414;x;
415;0;195;10;PROV415;x;
416;42;198;138;PROV416;x;
417;84;201;11;PROV417;x;
418;126;204;139;PROV418;x;
419;168;207;12;PROV419;x;
420;0;210;140;PROV420;x;
421;42;0;13;PROV421;x;
422;84;3;141;PROV422;x;
423;126;6;14;PROV423;x;
424;168;9;142;PROV424;x;
425;0;12;15;PROV425;x;
426;42;15;143;PROV426;x;
427;84;18;16;PROV427;x;
428;126;21;144;PROV428;x;
429;168;24;17;PROV429;x;
430;0;27;145;PROV430;x;
431;42;30;18;PROV431;x;
432;84;33;146;PROV432;x;
433;126;36;19;PROV433;x;
434;168;39;147;PROV434;x;
435;42;90;28;PROV435;x;
436;84;93;156;PROV436;x;
437;126;96;29;PROV437;x;
438;168;99;157;PROV438;x;
439;0;102;30;PROV439;x;
440;42;105;158;PROV440;x;
441;84;51;86;PROV441;x;
442;126;54;214;PROV442;x;
443;168;57;87;PROV443;x;
444;0;60;215;PROV444;x;
445;42;63;88;PROV445;x;
446;84;66;216;PROV446;x;
447;126;69;89;PROV447;x;
448;168;72;217;PROV448;x;
449;0;75;90;PROV449;x;
450;42;78;218;PROV450;x;
451;42;33;83;PROV451;x;
452;84;36;211;PROV452;x;
453;126;39;84;PROV453;x;
454;168;42;212;PROV454;x;
455;0;45;85;PROV455;x;
456;42;48;213;PROV456;x;
457;84;108;31;PROV457;x;
458;126;111;159;PROV458;x;
459;168;114;32;PROV459;x;
460;0;117;160;PROV460;x;
461;42;120;33;PROV461;x;
462;84;123;161;PROV462;x;
463;126;126;34;PROV463;x;
464;168;129;162;PROV464;x;
465;0;132;35;PROV465;x;
466;42;135;163;PROV466;x;
467;84;138;36;PROV467;x;
468;126;141;164;PROV468;x;
469;168;144;37;PROV469;x;
470;0;147;165;PROV470;x;
471;42;150;38;PROV471;x;
472;84;153;166;PROV472;x;
473;126;156;39;PROV473;x;
474;168;159;167;PROV474;x;
475;0;162;40;PROV475;x;
476;42;165;168;PROV476;x;
477;84;168;41;PROV477;x;
478;126;171;169;PROV478;x;
479;168;174;42;PROV479;x;
480;0;177;170;PROV480;x;
481;42;180;43;PROV481;x;
482;84;183;171;PROV482;x;
483;126;186;44;PROV483;x;
484;168;189;172;PROV484;x;
485;0;192;45;PROV485;x;
486;42;195;173;PROV486;x;
487;84;198;46;PROV487;x;
488;126;201;174;PROV488;x;
489;168;204;47;PROV489;x;
490;0;207;175;PROV490;x;
491;42;210;48;PROV491;x;
492;84;0;176;PROV492;x;
493;126;3;49;PROV493;x;
494;168;6;177;PROV494;x;
495;0;9;50;PROV495;x;
496;42;12;178;PROV496;x;
497;84;15;51;PROV497;x;
498;126;18;179;PROV498;x;
499;168;21;52;PROV499;x;
500;0;24;180;PROV500;x;
501;42;27;53;PROV501;x;
502;84;30;181;PROV502;x;
503;126;33;54;PROV503;x;
504;168;36;182;PROV504;x;
505;0;39;55;PROV505;x;
506;42;42;183;PROV506;x;
507;84;45;56;PROV507;x;
508;126;48;184;PROV508;x;
509;168;51;57;PROV509;x;
510;0;54;185;PROV510;x;
511;42;57;58;PROV511;x;
512;84;60;186;PROV512;x;
513;126;63;59;PROV513;x;
514;168;66;187;PROV514;x;
515;0;69;60;PROV515;x;
516;42;72;188;PROV516;x;
517;84;75;61;PROV517;x;
518;126;78;189;PROV518;x;
519;168;81;62;PROV519;x;
520;0;84;190;PROV520;x;
521;42;87;63;PROV521;x;
522;84;90;191;PROV522;x;
523;126;93;64;PROV523;x;
524;168;96;192;PROV524;x;
525;0;99;65;PROV525;x;
526;42;102;193;PROV526;x;
527;84;105;66;PROV527;x;
528;126;108;194;PROV528;x;
529;168;111;67;PROV529;x;
530;0;114;195;PROV530;x;
531;42;117;68;PROV531;x;
532;84;120;196;PROV532;x;
533;126;123;69;PROV533;x;
534;168;126;197;PROV534;x;
535;0;129;70;PROV535;x;
536;42;132;198;PROV536;x;
537;84;135;71;PROV537;x;
538;126;138;199;PROV538;x;
539;168;141;72;PROV539;x;
540;0;144;200;PROV540;x;
541;42;147;73;PROV541;x;
542;84;150;201;PROV542;x;
543;126;153;74;PROV543;x;
544;168;156;202;PROV544;x;
545;0;159;75;PROV545;x;
546;42;162;203;PROV546;x;
547;84;165;76;PROV547;x;
548;126;168;204;PROV548;x;
549;168;171;77;PROV549;x;
550;0;174;205;PROV550;x;
551;42;177;78;PROV551;x;
552;84;180;206;PROV552;x;
553;126;183;79;PROV553;x;
554;168;186;207;PROV554;x;
555;0;189;80;PROV555;x;
556;42;192;208;PROV556;x;
557;84;195;81;PROV557;x;
558;126;198;209;PROV558;x;
559;168;201;82;PROV559;x;
560;0;204;210;PROV560;x;
561;42;207;83;PROV561;x;
562;84;210;211;PROV562;x;
563;126;0;84;PROV563;x;
564;168;3;212;PROV564;x;
565;0;6;85;PROV565;x;
566;42;9;213;PROV566;x;
567;84;12;86;PROV567;x;
568;126;15;214;PROV568;x;
569;168;18;87;PROV569;x;
570;0;21;215;PROV570;x;
571;42;24;88;PROV571;x;
572;84;27;216;PROV572;x;
573;126;30;89;PROV573;x;
574;168;33;217;PROV574;x;
575;0;36;90;PROV575;x;
576;42;39;218;PROV576;x;
577;84;42;91;PROV577;x;
578;126;45;219;PROV578;x;
579;168;48;92;PROV579;x;
580;0;51;220;PROV580;x;
581;42;54;93;PROV581;x;
582;84;57;221;PROV582;x;
583;126;60;94;PROV583;x;
584;168;63;222;PROV584;x;
585;0;66;95;PROV585;x;
586;42;69;223;PROV586;x;
587;84;72;96;PROV587;x;
588;126;75;224;PROV588;x;
589;168;78;97;PROV589;x;
590;0;81;225;PROV590;x;
591;42;84;98;PROV591;x;
592;84;87;226;PROV592;x;
593;126;90;99;PROV593;x;
594;168;93;227;PROV594;x;
595;0;96;0;PROV595;x;
596;42;99;128;PROV596;x;
597;84;102;1;PROV597;x;
598;126;105;129;PROV598;x;
599;168;108;2;PROV599;x;
600;0;111;130;PROV600;x;
601;42;114;3;PROV601;x;
602;84;117;131;PROV602;x;
603;126;120;4;PROV603;x;
604;168;123;132;PROV604;x;
605;0;126;5;PROV605;x;
606;42;129;133;PROV606;x;
607;84;132;6;PROV607;x;
608;126;135;134;PROV608;x;
609;168;138;7;PROV609;x;
610;0;141;135;PROV610;x;
611;42;144;8;PROV611;x;
612;84;147;136;PROV612;x;
613;126;150;9;PROV613;x;
614;168;153;137;PROV614;x;
615;0;156;10;PROV615;x;
616;42;159;138;PROV616;x;
617;84;162;11;PROV617;x;
618;126;165;139;PROV618;x;
619;168;168;12;PROV619;x;
620;0;171;140;PROV620;x;
621;42;174;13;PROV621;x;
622;84;177;141;PROV622;x;
623;126;180;14;PROV623;x;
624;168;183;142;PROV624;x;
625;0;186;15;PROV625;x;
626;42;189;143;PROV626;x;
627;84;192;16;PROV627;x;
628;126;195;144;PROV628;x;
629;168;198;17;PROV629;x;
630;0;201;145;PROV630;x;
631;42;204;18;PROV631;x;
632;84;207;146;PROV632;x;
633;126;210;19;PROV633;x;
634;168;0;147;PROV634;x;
635;0;3;20;PROV635;x;
636;42;6;148;PROV636;x;
637;84;9;21;PROV637;x;
638;126;12;149;PROV638;x;
639;168;15;22;PROV639;x;
640;0;18;150;PROV640;x;
641;42;21;23;PROV641;x;
642;84;24;151;PROV642;x;
643;126;27;24;PROV643;x;
644;168;30;152;PROV644;x;
645;0;33;25;PROV645;x;
646;42;36;153;PROV646;x;
647;84;39;26;PROV647;x;
648;126;42;154;PROV648;x;
649;168;45;27;PROV649;x;
650;0;48;155;PROV650;x;
651;42;51;28;PROV651;x;
652;84;54;156;PROV652;x;
653;126;57;29;PROV653;x;
654;168;60;157;PROV654;x;
655;0;63;30;PROV655;x;
656;42;66;158;PROV656;x;
657;84;69;31;PROV657;x;
658;126;72;159;PROV658;x;
659;168;75;32;PROV659;x;
660;0;78;160;PROV660;x;
661;42;81;33;PROV661;x;
662;84;84;161;PROV662;x;
663;126;87;34;PROV663;x;
664;168;90;162;PROV664;x;
665;0;93;35;PROV665;x;
666;42;96;163;PROV666;x;
667;84;99;36;PROV667;x;
668;126;102;164;PROV668;x;
669;168;105;37;PROV669;x;
670;0;108;165;PROV670;x;
671;42;111;38;PROV671;x;
672;84;114;166;PROV672;x;
673;126;117;39;PROV673;x;
674;168;120;167;PROV674;x;
675;0;123;40;PROV675;x;
676;42;126;168;PROV676;x;
677;84;129;41;PROV677;x;
678;126;132;169;PROV678;x;
679;168;135;42;PROV679;x;
680;0;138;170;PROV680;x;
681;42;141;43;PROV681;x;
682;84;144;171;PROV682;x;
683;126;147;44;PROV683;x;
684;168;150;172;PROV684;x;
685;0;153;45;PROV685;x;
686;42;156;173;PROV686;x;
687;84;159;46;PROV687;x;
688;126;162;174;PROV688;x;
689;168;165;47;PROV689;x;
690;0;168;175;PROV690;x;
691;42;171;48;PROV691;x;
692;84;174;176;PROV692;x;
693;126;177;49;PROV693;x;
694;168;180;177;PROV694;x;
695;0;183;50;PROV695;x;
696;42;186;178;PROV696;x;
697;84;189;51;PROV697;x;
698;126;192;179;PROV698;x;
699;168;195;52;PROV699;x;
700;0;198;180;PROV700;x;
701;42;201;53;PROV701;x;
702;84;204;181;PROV702;x;
703;126;207;54;PROV703;x;
704;168;210;182;PROV704;x;
705;0;0;55;PROV705;x;
706;42;3;183;PROV706;x;
707;84;6;56;PROV707;x;
708;126;9;184;PROV708;x;
709;168;12;57;PROV709;x;
710;0;15;185;PROV710;x;
711;42;18;58;PROV711;x;
712;84;21;186;PROV712;x;
713;126;24;59;PROV713;x;
714;168;27;187;PROV714;x;
715;0;30;60;PROV715;x;
716;42;33;188;PROV716;x;
717;84;36;61;PROV717;x;
718;126;39;189;PROV718;x;
719;168;42;62;PROV719;x;
720;0;45;190;PROV720;x;
721;42;48;63;PROV721;x;
722;84;51;191;PROV722;x;
723;126;54;64;PROV723;x;
724;168;57;192;PROV724;x;
725;0;60;65;PROV725;x;
726;42;63;193;PROV726;x;
727;84;66;66;PROV727;x;
728;126;69;194;PROV728;x;
729;168;72;67;PROV729;x;
730;0;75;195;PROV730;x;
731;42;78;68;PROV731;x;
732;84;81;196;PROV732;x;
733;126;84;69;PROV733;x;
734;168;87;197;PROV734;x;
735;0;90;70;PROV735;x;
736;42;93;198;PROV736;x;
737;84;96;71;PROV737;x;
738;126;99;199;PROV738;x;
739;168;102;72;PROV739;x;
740;0;105;200;PROV740;x;
741;42;108;73;PROV741;x;
742;84;111;201;PROV742;x;
743;126;114;74;PROV743;x;
744;168;117;202;PROV744;x;
745;0;120;75;PROV745;x;
746;42;123;203;PROV746;x;
747;84;126;76;PROV747;x;
748;126;129;204;PROV748;x;
749;168;132;77;PROV749;x;
750;0;135;205;PROV750;x;
751;42;138;78;PROV751;x;
752;84;141;206;PROV752;x;
753;126;144;79;PROV753;x;
754;168;147;207;PROV754;x;
755;0;150;80;PROV755;x;
756;42;153;208;PROV756;x;
757;84;156;81;PROV757;x;
758;126;159;209;PROV758;x;
759;168;162;82;PROV759;x;
760;0;165;210;PROV760;x;
761;42;168;83;PROV761;x;
762;84;171;211;PROV762;x;
763;126;174;84;PROV763;x;
764;168;177;212;PROV764;x;
765;0;180;85;PROV765;x;
766;42;183;213;PROV766;x;
767;84;186;86;PROV767;x;
768;126;189;214;PROV768;x;
769;168;192;87;PROV769;x;
770;0;195;215;PROV770;x;
771;42;198;88;PROV771;x;
772;84;201;216;PROV772;x;
773;126;204;89;PROV773;x;
774;168;207;217;PROV774;x;
775;0;210;90;PROV775;x;
776;42;0;218;PROV776;x;
777;84;3;91;PROV777;x;
778;126;6;219;PROV778;x;
779;168;9;92;PROV779;x;
780;0;12;220;PROV780;x;
781;42;15;93;PROV781;x;
782;84;18;221;PROV782;x;
783;126;21;94;PROV783;x;
784;168;24;222;PROV784;x;
785;0;27;95;PROV785;x;
786;42;30;223;PROV786;x;
787;84;33;96;PROV787;x;
788;126;36;224;PROV788;x;
789;168;39;97;PROV789;x;
790;0;42;225;PROV790;x;
791;42;45;98;PROV791;x;
792;84;48;226;PROV792;x;
793;126;51;99;PROV793;x;
794;168;54;227;PROV794;x;
795;0;57;0;PROV795;x;
796;42;60;128;PROV796;x;
797;84;63;1;PROV797;x;
798;126;66;129;PROV798;x;
799;168;69;2;PROV799;x;
800;0;72;130;PROV800;x;
801;42;75;3;PROV801;x;
802;84;78;131;PROV802;x;
803;126;81;4;PROV803;x;
804;168;84;132;PROV804;x;
805;0;87;5;PROV805;x;
806;42;90;133;PROV806;x;
807;84;93;6;PROV807;x;
808;126;96;134;PROV808;x;
809;168;99;7;PROV809;x;
810;0;102;135;PROV810;x;
811;42;105;8;PROV811;x;
812;84;108;136;PROV812;x;
813;126;111;9;PROV813;x;
814;168;114;137;PROV814;x;
815;0;117;10;PROV815;x;
816;42;120;138;PROV816;x;
817;84;123;11;PROV817;x;
818;126;126;139;PROV818;x;
819;168;129;12;PROV819;x;
820;0;132;140;PROV820;x;
821;42;135;13;PROV821;x;
822;84;138;141;PROV822;x;
823;126;141;14;PROV823;x;
824;168;144;142;PROV824;x;
825;0;147;15;PROV825;x;
826;42;150;143;PROV826;x;
827;84;153;16;PROV827;x;
828;126;156;144;PROV828;x;
829;168;159;17;PROV829;x;
830;0;162;145;PROV830;x;
831;42;165;18;PROV831;x;
832;84;168;146;PROV832;x;
833;126;171;19;PROV833;x;
834;168;174;147;PROV834;x;
835;0;177;20;PROV835;x;
836;42;180;148;PROV836;x;
837;84;183;21;PROV837;x;
838;126;186;149;PROV838;x;
839;168;189;22;PROV839;x;
840;0;192;150;PROV840;x;
841;42;195;23;PROV841;x;
842;84;198;151;PROV842;x;
843;0;3;225;PROV843;x;
844;126;201;24;PROV844;x;
845;168;96;42;PROV845;x;
846;84;9;226;PROV846;x;
847;85;84;11;PROV847;x;
848;127;87;139;PROV848;x;
849;169;90;12;PROV849;x;
850;126;135;84;PROV850;x;
851;168;138;212;PROV851;x;
852;0;141;85;PROV852;x;
853;42;144;213;PROV853;x;
854;84;147;86;PROV854;x;
855;126;150;214;PROV855;x;
856;168;153;87;PROV856;x;
857;0;156;215;PROV857;x;
858;42;159;88;PROV858;x;
859;84;162;216;PROV859;x;
860;126;165;89;PROV860;x;
861;168;168;217;PROV861;x;
862;0;171;90;PROV862;x;
863;42;174;218;PROV863;x;
864;84;177;91;PROV864;x;
865;126;180;219;PROV865;x;
866;168;183;92;PROV866;x;
867;0;186;220;PROV867;x;
868;42;189;93;PROV868;x;
869;84;192;221;PROV869;x;
870;126;195;94;PROV870;x;
871;168;198;222;PROV871;x;
872;0;201;95;PROV872;x;
873;42;204;223;PROV873;x;
874;84;207;96;PROV874;x;
875;126;210;224;PROV875;x;
876;168;0;97;PROV876;x;
877;168;123;82;PROV877;x;
878;126;120;209;PROV878;x;
879;126;3;154;PROV879;x;
880;84;117;81;PROV880;x;
881;168;15;227;PROV881;x;
882;1;18;0;PROV882;x;
883;43;21;128;PROV883;x;
884;85;24;1;PROV884;x;
885;127;27;129;PROV885;x;
886;169;30;2;PROV886;x;
887;1;33;130;PROV887;x;
888;43;36;3;PROV888;x;
889;43;96;13;PROV889;x;
890;127;42;4;PROV890;x;
891;169;45;132;PROV891;x;
892;1;48;5;PROV892;x;
893;43;51;133;PROV893;x;
894;1;93;140;PROV894;x;
895;127;57;134;PROV895;x;
896;169;60;7;PROV896;x;
897;1;63;135;PROV897;x;
898;43;66;8;PROV898;x;
899;85;69;136;PROV899;x;
900;127;72;9;PROV900;x;
901;169;75;137;PROV901;x;
902;1;78;10;PROV902;x;
903;84;132;211;PROV903;x;
904;0;126;210;PROV904;x;
905;42;129;83;PROV905;x;
906;84;30;31;PROV906;x;
907;0;24;30;PROV907;x;
908;84;165;181;PROV908;x;
909;168;186;57;PROV909;x;
910;0;189;185;PROV910;x;
911;42;192;58;PROV911;x;
912;84;195;186;PROV912;x;
913;126;198;59;PROV913;x;
914;168;201;187;PROV914;x;
915;0;204;60;PROV915;x;
916;42;207;188;PROV916;x;
917;84;210;61;PROV917;x;
918;126;0;189;PROV918;x;
919;168;3;62;PROV919;x;
920;0;6;190;PROV920;x;
921;42;9;63;PROV921;x;
922;84;12;191;PROV922;x;
923;126;15;64;PROV923;x;
924;168;18;192;PROV924;x;
925;0;21;65;PROV925;x;
926;42;24;193;PROV926;x;
927;84;27;66;PROV927;x;
928;126;30;194;PROV928;x;
929;168;33;67;PROV929;x;
930;0;36;195;PROV930;x;
931;42;39;68;PROV931;x;
932;84;42;196;PROV932;x;
933;126;45;69;PROV933;x;
934;168;48;197;PROV934;x;
935;0;51;70;PROV935;x;
936;42;54;198;PROV936;x;
937;84;57;71;PROV937;x;
938;126;60;199;PROV938;x;
939;168;63;72;PROV939;x;
940;0;66;200;PROV940;x;
941;42;69;73;PROV941;x;
942;84;72;201;PROV942;x;
943;126;75;74;PROV943;x;
944;168;78;202;PROV944;x;
945;0;81;75;PROV945;x;
946;42;84;203;PROV946;x;
947;0;96;205;PROV947;x;
948;84;180;56;PROV948;x;
949;126;183;184;PROV949;x;
950;42;177;183;PROV950;x;
951;0;174;55;PROV951;x;
952;0;207;25;PROV952;x;
953;42;132;48;PROV953;x;
954;84;135;176;PROV954;x;
955;168;171;182;PROV955;x;
956;168;141;177;PROV956;x;
957;0;144;50;PROV957;x;
958;42;147;178;PROV958;x;
959;84;150;51;PROV959;x;
960;126;153;179;PROV960;x;
961;168;156;52;PROV961;x;
962;0;159;180;PROV962;x;
963;42;162;53;PROV963;x;
964;84;87;76;PROV964;x;
965;168;21;157;PROV965;x;
966;126;90;149;PROV966;x;
967;168;108;207;PROV967;x;
968;126;78;39;PROV968;x;
969;42;27;158;PROV969;x;
970;126;168;54;PROV970;x;
971;42;210;153;PROV971;x;
972;168;36;32;PROV972;x;
973;0;39;160;PROV973;x;
974;0;111;80;PROV974;x;
975;42;12;28;PROV975;x;
976;0;9;155;PROV976;x;
977;168;51;162;PROV977;x;
978;42;114;208;PROV978;x;
979;42;57;163;PROV979;x;
980;84;60;36;;x;
981;126;63;164;PROV981;x;
982;168;66;37;PROV982;x;
983;0;69;165;PROV983;x;
984;42;72;38;PROV984;x;
985;84;75;166;PROV985;x;
986;42;6;98;PROV986;x;
987;168;81;167;PROV987;x;
988;0;84;40;PROV988;x;
989;42;87;168;PROV989;x;
990;84;90;41;PROV990;x;
991;126;93;169;PROV991;x;
992;126;12;99;PROV992;x;
993;0;99;170;PROV993;x;
994;42;102;43;PROV994;x;
995;84;105;171;PROV995;x;
996;126;108;44;PROV996;x;
997;168;111;172;PROV997;x;
998;0;114;45;PROV998;x;
999;42;117;173;PROV999;x;
1000;84;120;46;PROV1000;x;
1001;126;123;174;PROV1001;x;
1002;168;126;47;PROV1002;x;
1003;0;129;175;PROV1003;x;
1004;168;6;27;PROV1004;x;
1005;126;18;29;PROV1005;x;
1006;42;42;33;PROV1006;x;
1007;0;54;35;PROV1007;x;
1008;42;18;3;PROV1008;x;
1009;85;54;6;PROV1009;x;
1010;126;33;159;PROV1010;x;
1011;84;15;156;PROV1011;x;
1012;168;204;152;PROV1012;x;
1013;84;0;26;PROV1013;x;
1014;126;48;34;PROV1014;x;
1015;84;45;161;PROV1015;x;
1016;85;39;131;PROV1016;x;
1017;126;105;79;PROV1017;x;
1018;42;99;78;PROV1018;x;
1019;168;93;77;PROV1019;x;
1020;126;90;204;PROV1020;x;
1021;85;99;141;PROV1021;x;
1022;127;102;14;PROV1022;x;
1023;169;105;142;PROV1023;x;
1024;1;108;15;PROV1024;x;
1025;43;111;143;PROV1025;x;
1026;17;40;240;PROV1026;x;
1027;85;114;16;PROV1027;x;
1028;127;117;144;PROV1028;x;
1029;169;120;17;PROV1029;x;
1030;1;123;145;PROV1030;x;
1031;43;126;18;PROV1031;x;
1032;85;129;146;PROV1032;x;
1033;127;132;19;PROV1033;x;
1034;169;135;147;PROV1034;x;
1035;1;138;20;PROV1035;x;
1036;43;141;148;PROV1036;x;
1037;85;144;21;PROV1037;x;
1038;127;147;149;PROV1038;x;
1039;169;150;22;PROV1039;x;
1040;1;153;150;PROV1040;x;
1041;43;156;23;PROV1041;x;
1042;85;159;151;PROV1042;x;
1043;127;162;24;PROV1043;x;
1044;169;165;152;PROV1044;x;
1045;1;168;25;PROV1045;x;
1046;43;171;153;PROV1046;x;
1047;85;174;26;PROV1047;x;
1048;127;177;154;PROV1048;x;
1049;169;180;27;PROV1049;x;
1050;1;183;155;PROV1050;x;
1051;43;186;28;PROV1051;x;
1052;85;189;156;PROV1052;x;
1053;127;192;29;PROV1053;x;
1054;169;195;157;PROV1054;x;
1055;1;198;30;PROV1055;x;
1056;43;201;158;PROV1056;x;
1057;85;204;31;PROV1057;x;
1058;127;207;159;PROV1058;x;
1059;169;210;32;PROV1059;x;
1060;1;0;160;PROV1060;x;
1061;43;3;33;PROV1061;x;
1062;85;6;161;PROV1062;x;
1063;127;9;34;PROV1063;x;
1064;169;12;162;PROV1064;x;
1065;1;15;35;PROV1065;x;
1066;43;18;163;PROV1066;x;
1067;85;21;36;PROV1067;x;
1068;127;24;164;PROV1068;x;
1069;169;27;37;PROV1069;x;
1070;1;30;165;PROV1070;x;
1071;43;33;38;PROV1071;x;
1072;85;36;166;PROV1072;x;
1073;127;39;39;PROV1073;x;
1074;169;42;167;PROV1074;x;
1075;1;45;40;PROV1075;x;
1076;43;48;168;PROV1076;x;
1077;85;51;41;PROV1077;x;
1078;127;54;169;PROV1078;x;
1079;169;57;42;PROV1079;x;
1080;1;60;170;PROV1080;x;
1081;43;63;43;PROV1081;x;
1082;85;66;171;PROV1082;x;
1083;127;69;44;PROV1083;x;
1084;169;72;172;PROV1084;x;
1085;1;75;45;PROV1085;x;
1086;43;78;173;PROV1086;x;
1087;85;81;46;PROV1087;x;
1088;127;84;174;PROV1088;x;
1089;169;87;47;PROV1089;x;
1090;1;90;175;PROV1090;x;
1091;43;93;48;PROV1091;x;
1092;85;96;176;PROV1092;x;
1093;127;99;49;PROV1093;x;
1094;169;102;177;PROV1094;x;
1095;1;105;50;PROV1095;x;
1096;43;108;178;PROV1096;x;
1097;85;111;51;PROV1097;x;
1098;127;114;179;PROV1098;x;
1099;169;117;52;PROV1099;x;
1100;1;120;180;PROV1100;x;
1101;43;123;53;PROV1101;x;
1102;85;126;181;PROV1102;x;
1103;127;129;54;PROV1103;x;
1104;169;132;182;PROV1104;x;
1105;1;135;55;PROV1105;x;
1106;43;138;183;PROV1106;x;
1107;85;141;56;PROV1107;x;
1108;127;144;184;PROV1108;x;
1109;169;147;57;PROV1109;x;
1110;1;150;185;PROV1110;x;
1111;43;153;58;PROV1111;x;
1112;85;156;186;PROV1112;x;
1113;127;159;59;PROV1113;x;
1114;169;162;187;PROV1114;x;
1115;1;165;60;PROV1115;x;
1116;43;168;188;PROV1116;x;
1117;85;171;61;PROV1117;x;
1118;127;174;189;PROV1118;x;
1119;169;177;62;PROV1119;x;
1120;1;180;190;PROV1120;x;
1121;43;183;63;PROV1121;x;
1122;85;186;191;PROV1122;x;
1123;127;189;64;PROV1123;x;
1124;169;192;192;PROV1124;x;
1125;1;195;65;PROV1125;x;
1126;43;198;193;PROV1126;x;
1127;85;201;66;PROV1127;x;
1128;127;204;194;PROV1128;x;
1129;169;207;67;PROV1129;x;
1130;1;210;195;PROV1130;x;
1131;43;0;68;PROV1131;x;
1132;85;3;196;PROV1132;x;
1133;127;6;69;PROV1133;x;
1134;169;9;197;PROV1134;x;
1135;1;12;70;PROV1135;x;
1136;43;15;198;PROV1136;x;
1137;85;18;71;PROV1137;x;
1138;127;21;199;PROV1138;x;
1139;169;24;72;PROV1139;x;
1140;1;27;200;PROV1140;x;
1141;43;30;73;PROV1141;x;
1142;85;33;201;PROV1142;x;
1143;127;36;74;PROV1143;x;
1144;169;39;202;PROV1144;x;
1145;1;42;75;PROV1145;x;
1146;43;45;203;PROV1146;x;
1147;85;48;76;PROV1147;x;
1148;127;51;204;PROV1148;x;
1149;169;54;77;PROV1149;x;
1150;1;57;205;PROV1150;x;
1151;43;60;78;PROV1151;x;
1152;85;63;206;PROV1152;x;
1153;127;66;79;PROV1153;x;
1154;169;69;207;PROV1154;x;
1155;1;72;80;PROV1155;x;
1156;43;75;208;PROV1156;x;
1157;85;78;81;PROV1157;x;
1158;127;81;209;PROV1158;x;
1159;169;84;82;PROV1159;x;
1160;1;87;210;PROV1160;x;
1161;43;90;83;PROV1161;x;
1162;85;93;211;PROV1162;x;
1163;127;96;84;PROV1163;x;
1164;169;99;212;PROV1164;x;
1165;1;102;85;PROV1165;x;
1166;43;105;213;PROV1166;x;
1167;85;108;86;PROV1167;x;
1168;127;111;214;PROV1168;x;
1169;169;114;87;PROV1169;x;
1170;1;117;215;PROV1170;x;
1171;43;120;88;PROV1171;x;
1172;85;123;216;PROV1172;x;
1173;127;126;89;PROV1173;x;
1174;169;129;217;PROV1174;x;
1175;1;132;90;PROV1175;x;
1176;43;135;218;PROV1176;x;
1177;85;138;91;PROV1177;x;
1178;127;141;219;PROV1178;x;
1179;169;144;92;PROV1179;x;
1180;1;147;220;PROV1180;x;
1181;43;150;93;PROV1181;x;
1182;85;153;221;PROV1182;x;
1183;127;156;94;PROV1183;x;
1184;169;159;222;PROV1184;x;
1185;1;162;95;PROV1185;x;
1186;43;165;223;PROV1186;x;
1187;85;168;96;PROV1187;x;
1188;127;171;224;PROV1188;x;
1189;169;174;97;PROV1189;x;
1190;1;177;225;PROV1190;x;
1191;43;180;98;PROV1191;x;
1192;85;183;226;PROV1192;x;
1193;127;186;99;PROV1193;x;
1194;169;189;227;PROV1194;x;
1195;1;192;0;PROV1195;x;
1196;43;195;128;PROV1196;x;
1197;85;198;1;PROV1197;x;
1198;127;201;129;PROV1198;x;
1199;169;204;2;PROV1199;x;
1200;1;207;130;PROV1200;x;
1201;43;210;3;PROV1201;x;
1202;85;0;131;PROV1202;x;
1203;127;3;4;PROV1203;x;
1204;169;6;132;PROV1204;x;
1205;1;9;5;PROV1205;x;
1206;43;12;133;PROV1206;x;
1207;85;15;6;PROV1207;x;
1208;127;18;134;PROV1208;x;
1209;169;21;7;PROV1209;x;
1210;1;24;135;PROV1210;x;
1211;43;27;8;PROV1211;x;
1212;85;30;136;PROV1212;x;
1213;127;33;9;PROV1213;x;
1214;169;36;137;PROV1214;x;
1215;1;39;10;PROV1215;x;
1216;43;42;138;PROV1216;x;
1217;85;45;11;PROV1217;x;
1218;127;48;139;PROV1218;x;
1219;169;51;12;PROV1219;x;
1220;1;54;140;PROV1220;x;
1221;43;57;13;PROV1221;x;
1222;85;60;141;PROV1222;x;
1223;127;63;14;PROV1223;x;
1224;169;66;142;PROV1224;x;
1225;1;69;15;PROV1225;x;
1226;43;72;143;PROV1226;x;
1227;85;75;16;PROV1227;x;
1228;127;78;144;PROV1228;x;
1229;169;81;17;PROV1229;x;
1230;1;84;145;PROV1230;x;
1231;43;87;18;PROV1231;x;
1232;85;90;146;PROV1232;x;
1233;127;93;19;PROV1233;x;
1234;169;96;147;PROV1234;x;
1235;1;99;20;PROV1235;x;
1236;43;102;148;PROV1236;x;
1237;85;105;21;PROV1237;x;
1238;127;108;149;PROV1238;x;
1239;169;111;22;PROV1239;x;
1240;1;114;150;PROV1240;x;
1241;43;117;23;PROV1241;x;
1242;85;120;151;PROV1242;x;
1243;127;123;24;PROV1243;x;
1244;169;126;152;PROV1244;x;
1245;1;129;25;PROV1245;x;
1246;43;132;153;PROV1246;x;
1247;85;135;26;PROV1247;x;
1248;127;138;154;PROV1248;x;
1249;169;141;27;PROV1249;x;
1250;1;144;155;PROV1250;x;
1251;43;147;28;PROV1251;x;
1252;85;150;156;PROV1252;x;
1253;127;153;29;PROV1253;x;
1254;169;156;157;PROV1254;x;
1255;1;159;30;PROV1255;x;
1256;43;162;158;PROV1256;x;
1257;85;165;31;PROV1257;x;
1258;127;168;159;PROV1258;x;
1259;169;171;32;PROV1259;x;
1260;1;174;160;PROV1260;x;
1261;43;177;33;PROV1261;x;
1262;85;180;161;PROV1262;x;
1263;127;183;34;PROV1263;x;
1264;169;186;162;PROV1264;x;
1265;1;189;35;PROV1265;x;
1266;43;192;163;PROV1266;x;
1267;85;195;36;PROV1267;x;
1268;127;198;164;PROV1268;x;
1269;169;201;37;PROV1269;x;
1270;1;204;165;PROV1270;x;
1271;43;207;38;PROV1271;x;
1272;85;210;166;PROV1272;x;
1273;127;0;39;PROV1273;x;
1274;169;3;167;PROV1274;x;
1275;1;6;40;PROV1275;x;
1276;43;9;168;PROV1276;x;
1277;85;12;41;PROV1277;x;
1278;127;15;169;PROV1278;x;
1279;169;18;42;PROV1279;x;
1280;1;21;170;PROV1280;x;
1281;43;24;43;PROV1281;x;
1282;85;27;171;PROV1282;x;
1283;127;30;44;PROV1283;x;
1284;169;33;172;PROV1284;x;
1285;1;36;45;PROV1285;x;
1286;43;39;173;PROV1286;x;
1287;85;42;46;PROV1287;x;
1288;127;45;174;PROV1288;x;
1289;169;48;47;PROV1289;x;
1290;1;51;175;PROV1290;x;
1291;43;54;48;PROV1291;x;
1292;85;57;176;PROV1292;x;
1293;127;60;49;PROV1293;x;
1294;169;63;177;PROV1294;x;
1295;1;66;50;PROV1295;x;
1296;43;69;178;PROV1296;x;
1297;85;72;51;PROV1297;x;
1298;127;75;179;PROV1298;x;
1299;169;78;52;PROV1299;x;
1300;1;81;180;PROV1300;x;
1301;43;84;53;PROV1301;x;
1302;85;87;181;PROV1302;x;
1303;127;90;54;PROV1303;x;
1304;169;93;182;PROV1304;x;
1305;1;96;55;PROV1305;x;
1306;43;99;183;PROV1306;x;
1307;85;102;56;PROV1307;x;
1308;127;105;184;PROV1308;x;
1309;169;108;57;PROV1309;x;
1310;1;111;185;PROV1310;x;
1311;43;114;58;PROV1311;x;
1312;85;117;186;PROV1312;x;
1313;127;120;59;PROV1313;x;
1314;169;123;187;PROV1314;x;
1315;1;126;60;PROV1315;x;
1316;43;129;188;PROV1316;x;
1317;85;132;61;PROV1317;x;
1318;127;135;189;PROV1318;x;
1319;169;138;62;PROV1319;x;
1320;1;141;190;PROV1320;x;
1321;43;144;63;PROV1321;x;
1322;85;147;191;PROV1322;x;
1323;127;150;64;PROV1323;x;
1324;169;153;192;PROV1324;x;
1325;1;156;65;PROV1325;x;
1326;43;159;193;PROV1326;x;
1327;85;162;66;PROV1327;x;
1328;127;165;194;PROV1328;x;
1329;169;168;67;PROV1329;x;
1330;1;171;195;PROV1330;x;
1331;43;174;68;PROV1331;x;
1332;85;177;196;PROV1332;x;
1333;127;180;69;PROV1333;x;
1334;169;183;197;PROV1334;x;
1335;1;186;70;PROV1335;x;
1336;43;189;198;PROV1336;x;
1337;85;192;71;PROV1337;x;
1338;127;195;199;PROV1338;x;
1339;169;198;72;PROV1339;x;
1340;1;201;200;PROV1340;x;
1341;43;204;73;PROV1341;x;
1342;85;207;201;PROV1342;x;
1343;127;210;74;PROV1343;x;
1344;169;0;202;PROV1344;x;
1345;1;3;75;PROV1345;x;
1346;43;6;203;PROV1346;x;
1347;85;9;76;PROV1347;x;
1348;127;12;204;PROV1348;x;
1349;169;15;77;PROV1349;x;
1350;1;18;205;PROV1350;x;
1351;43;21;78;PROV1351;x;
1352;85;24;206;PROV1352;x;
1353;127;27;79;PROV1353;x;
1354;169;30;207;PROV1354;x;
1355;1;33;80;PROV1355;x;
1356;43;36;208;PROV1356;x;
1357;85;39;81;PROV1357;x;
1358;127;42;209;PROV1358;x;
1359;169;45;82;PROV1359;x;
1360;1;48;210;PROV1360;x;
1361;43;51;83;PROV1361;x;
1362;85;54;211;PROV1362;x;
1363;127;57;84;PROV1363;x;
1364;169;60;212;PROV1364;x;
1365;1;63;85;PROV1365;x;
1366;43;66;213;PROV1366;x;
1367;85;69;86;PROV1367;x;
1368;127;72;214;PROV1368;x;
1369;169;75;87;PROV1369;x;
1370;1;78;215;PROV1370;x;
1371;43;81;88;PROV1371;x;
1372;85;84;216;PROV1372;x;
1373;127;87;89;PROV1373;x;
1374;169;90;217;PROV1374;x;
1375;1;93;90;PROV1375;x;
1376;43;96;218;PROV1376;x;
1377;85;99;91;PROV1377;x;
1378;127;102;219;PROV1378;x;
1379;169;105;92;PROV1379;x;
1380;1;108;220;PROV1380;x;
1381;43;111;93;PROV1381;x;
1382;85;114;221;PROV1382;x;
1383;127;117;94;PROV1383;x;
1384;169;120;222;PROV1384;x;
1385;1;123;95;PROV1385;x;
1386;43;126;223;PROV1386;x;
1387;85;129;96;PROV1387;x;
1388;127;132;224;PROV1388;x;
1389;169;135;97;PROV1389;x;
1390;1;138;225;PROV1390;x;
1391;43;141;98;PROV1391;x;
1392;85;144;226;PROV1392;x;
1393;127;147;99;PROV1393;x;
1394;169;150;227;PROV1394;x;
1395;1;153;0;PROV1395;x;
1396;43;156;128;PROV1396;x;
1397;85;159;1;PROV1397;x;
1398;127;162;129;PROV1398;x;
1399;169;165;2;PROV1399;x;
1400;1;168;130;PROV1400;x;
1401;43;171;3;PROV1401;x;
1402;85;174;131;PROV1402;x;
1403;127;177;4;PROV1403;x;
1404;169;180;132;PROV1404;x;
1405;1;183;5;PROV1405;x;
1406;43;186;133;PROV1406;x;
1407;85;189;6;PROV1407;x;
1408;127;192;134;PROV1408;x;
1409;169;195;7;PROV1409;x;
1410;1;198;135;PROV1410;x;
1411;43;201;8;PROV1411;x;
1412;85;204;136;PROV1412;x;
1413;127;207;9;PROV1413;x;
1414;169;210;137;PROV1414;x;
1415;1;0;10;PROV1415;x;
1416;43;3;138;PROV1416;x;
1417;85;6;11;PROV1417;x;
1418;127;9;139;PROV1418;x;
1419;169;12;12;PROV1419;x;
1420;1;15;140;PROV1420;x;
1421;43;18;13;PROV1421;x;
1422;85;21;141;PROV1422;x;
1423;127;24;14;PROV1423;x;
1424;169;27;142;PROV1424;x;
1425;1;30;15;PROV1425;x;
1426;43;33;143;PROV1426;x;
1427;85;36;16;PROV1427;x;
1428;127;39;144;PROV1428;x;
1429;169;42;17;PROV1429;x;
1430;1;45;145;PROV1430;x;
1431;43;48;18;PROV1431;x;
1432;85;51;146;PROV1432;x;
1433;127;54;19;PROV1433;x;
1434;169;57;147;PROV1434;x;
1435;1;60;20;PROV1435;x;
1436;43;63;148;PROV1436;x;
1437;85;66;21;PROV1437;x;
1438;127;69;149;PROV1438;x;
1439;169;72;22;PROV1439;x;
1440;1;75;150;PROV1440;x;
1441;43;78;23;PROV1441;x;
1442;85;81;151;PROV1442;x;
1443;127;84;24;PROV1443;x;
1444;169;87;152;PROV1444;x;
1445;1;90;25;PROV1445;x;
1446;43;93;153;PROV1446;x;
1447;85;96;26;PROV1447;x;
1448;127;99;154;PROV1448;x;
1449;169;102;27;PROV1449;x;
1450;1;105;155;PROV1450;x;
1451;43;108;28;PROV1451;x;
1452;85;111;156;PROV1452;x;
1453;127;114;29;PROV1453;x;
1454;169;117;157;PROV1454;x;
1455;1;120;30;PROV1455;x;
1456;43;123;158;PROV1456;x;
1457;85;126;31;PROV1457;x;
1458;127;129;159;PROV1458;x;
1459;169;132;32;PROV1459;x;
1460;1;135;160;PROV1460;x;
1461;43;138;33;PROV1461;x;
1462;85;141;161;PROV1462;x;
1463;127;144;34;PROV1463;x;
1464;169;147;162;PROV1464;x;
1465;1;150;35;PROV1465;x;
1466;43;153;163;PROV1466;x;
1467;85;156;36;PROV1467;x;
1468;127;159;164;PROV1468;x;
1469;169;162;37;PROV1469;x;
1470;1;165;165;PROV1470;x;
1471;43;168;38;PROV1471;x;
1472;85;171;166;PROV1472;x;
1473;127;174;39;PROV1473;x;
1474;169;177;167;PROV1474;x;
1475;1;180;40;PROV1475;x;
1476;43;183;168;PROV1476;x;
1477;85;186;41;PROV1477;x;
1478;127;189;169;PROV1478;x;
1479;169;192;42;PROV1479;x;
1480;1;195;170;PROV1480;x;
1481;43;198;43;PROV1481;x;
1482;85;201;171;PROV1482;x;
1483;127;204;44;PROV1483;x;
1484;169;207;172;PROV1484;x;
1485;1;210;45;PROV1485;x;
1486;43;0;173;PROV1486;x;
1487;85;3;46;PROV1487;x;
1488;127;6;174;PROV1488;x;
1489;169;9;47;PROV1489;x;
1490;1;12;175;PROV1490;x;
1491;43;15;48;PROV1491;x;
1492;85;18;176;PROV1492;x;
1493;127;21;49;PROV1493;x;
1494;169;24;177;PROV1494;x;
1495;1;27;50;PROV1495;x;
1496;43;30;178;PROV1496;x;
1497;85;33;51;PROV1497;x;
1498;127;36;179;PROV1498;x;
1499;169;39;52;PROV1499;x;
1500;1;42;180;PROV1500;x;
1501;43;45;53;PROV1501;x;
1502;85;48;181;PROV1502;x;
1503;127;51;54;PROV1503;x;
1504;169;54;182;PROV1504;x;
1505;1;57;55;PROV1505;x;
1506;43;60;183;PROV1506;x;
1507;85;63;56;PROV1507;x;
1508;127;66;184;PROV1508;x;
1509;169;69;57;PROV1509;x;
1510;1;72;185;PROV1510;x;
1511;43;75;58;PROV1511;x;
1512;85;78;186;PROV1512;x;
1513;127;81;59;PROV1513;x;
1514;169;84;187;PROV1514;x;
1515;1;87;60;PROV1515;x;
1516;43;90;188;PROV1516;x;
1517;85;93;61;PROV1517;x;
1518;127;96;189;PROV1518;x;
1519;169;99;62;PROV1519;x;
1520;1;102;190;PROV1520;x;
1521;43;105;63;PROV1521;x;
1522;85;108;191;PROV1522;x;
1523;127;111;64;PROV1523;x;
1524;169;114;192;PROV1524;x;
1525;1;117;65;PROV1525;x;
1526;43;120;193;PROV1526;x;
1527;85;123;66;PROV1527;x;
1528;127;126;194;PROV1528;x;
1529;169;129;67;PROV1529;x;
1530;1;132;195;PROV1530;x;
1531;43;135;68;PROV1531;x;
1532;85;138;196;PROV1532;x;
1533;127;141;69;PROV1533;x;
1534;169;144;197;PROV1534;x;
1535;1;147;70;PROV1535;x;
1536;43;150;198;PROV1536;x;
1537;85;153;71;PROV1537;x;
1538;127;156;199;PROV1538;x;
1539;169;159;72;PROV1539;x;
1540;1;162;200;PROV1540;x;
1541;43;165;73;PROV1541;x;
1542;85;168;201;PROV1542;x;
1543;127;171;74;PROV1543;x;
1544;169;174;202;PROV1544;x;
1545;1;177;75;PROV1545;x;
1546;43;180;203;PROV1546;x;
1547;85;183;76;PROV1547;x;
1548;127;186;204;PROV1548;x;
1549;169;189;77;PROV1549;x;
1550;1;192;205;PROV1550;x;
1551;43;195;78;PROV1551;x;
1552;85;198;206;PROV1552;x;
1553;127;201;79;PROV1553;x;
1554;169;204;207;PROV1554;x;
1555;1;207;80;PROV1555;x;
1556;43;210;208;PROV1556;x;
1557;85;0;81;PROV1557;x;
1558;127;3;209;PROV1558;x;
1559;169;6;82;PROV1559;x;
1560;1;9;210;PROV1560;x;
1561;43;12;83;PROV1561;x;
1562;85;15;211;PROV1562;x;
1563;127;18;84;PROV1563;x;
1564;169;21;212;PROV1564;x;
1565;1;24;85;PROV1565;x;
1566;43;27;213;PROV1566;x;
1567;85;30;86;PROV1567;x;
1568;127;33;214;PROV1568;x;
1569;169;36;87;PROV1569;x;
1570;1;39;215;PROV1570;x;
1571;43;42;88;PROV1571;x;
1572;85;45;216;PROV1572;x;
1573;127;48;89;PROV1573;x;
1574;169;51;217;PROV1574;x;
1575;1;54;90;PROV1575;x;
1576;43;57;218;PROV1576;x;
1577;85;60;91;PROV1577;x;
1578;127;63;219;PROV1578;x;
1579;169;66;92;PROV1579;x;
1580;1;69;220;PROV1580;x;
1581;43;72;93;PROV1581;x;
1582;85;75;221;PROV1582;x;
1583;127;78;94;PROV1583;x;
1584;169;81;222;PROV1584;x;
1585;1;84;95;PROV1585;x;
1586;43;87;223;PROV1586;x;
1587;85;90;96;PROV1587;x;
1588;127;93;224;PROV1588;x;
1589;169;96;97;PROV1589;x;
1590;1;99;225;PROV1590;x;
1591;43;102;98;PROV1591;x;
1592;85;105;226;PROV1592;x;
1593;127;108;99;PROV1593;x;
1594;169;111;227;PROV1594;x;
1595;1;114;0;PROV1595;x;
1596;43;117;128;PROV1596;x;
1597;85;120;1;PROV1597;x;
1598;127;123;129;PROV1598;x;
1599;169;126;2;PROV1599;x;
1600;1;129;130;PROV1600;x;
1601;43;132;3;PROV1601;x;
1602;85;135;131;PROV1602;x;
1603;127;138;4;PROV1603;x;
1604;169;141;132;PROV1604;x;
1605;1;144;5;PROV1605;x;
1606;43;147;133;PROV1606;x;
1607;85;150;6;PROV1607;x;
1608;127;153;134;PROV1608;x;
1609;169;156;7;PROV1609;x;
1610;1;159;135;PROV1610;x;
1611;43;162;8;PROV1611;x;
1612;85;165;136;PROV1612;x;
1613;127;168;9;PROV1613;x;
1614;169;171;137;PROV1614;x;
1615;1;174;10;PROV1615;x;
1616;43;177;138;PROV1616;x;
1617;85;180;11;PROV1617;x;
1618;127;183;139;PROV1618;x;
1619;169;186;12;PROV1619;x;
1620;1;189;140;PROV1620;x;
1621;43;192;13;PROV1621;x;
1622;85;195;141;PROV1622;x;
1623;127;198;14;PROV1623;x;
1624;169;201;142;PROV1624;x;
1625;1;204;15;PROV1625;x;
1626;43;207;143;PROV1626;x;
1627;85;210;16;PROV1627;x;
1628;127;0;144;PROV1628;x;
1629;169;3;17;PROV1629;x;
1630;1;6;145;PROV1630;x;
1631;43;9;18;PROV1631;x;
1632;85;12;146;PROV1632;x;
1633;127;15;19;PROV1633;x;
1634;169;18;147;PROV1634;x;
1635;1;21;20;PROV1635;x;
1636;43;24;148;PROV1636;x;
1637;85;27;21;PROV1637;x;
1638;127;30;149;PROV1638;x;
1639;169;33;22;PROV1639;x;
1640;1;36;150;PROV1640;x;
1641;43;39;23;PROV1641;x;
1642;85;42;151;PROV1642;x;
1643;127;45;24;PROV1643;x;
1644;169;48;152;PROV1644;x;
1645;1;51;25;PROV1645;x;
1646;43;54;153;PROV1646;x;
1647;85;57;26;PROV1647;x;
1648;127;60;154;PROV1648;x;
1649;169;63;27;PROV1649;x;
1650;1;66;155;PROV1650;x;
1651;43;69;28;PROV1651;x;
1652;85;72;156;PROV1652;x;
1653;127;75;29;PROV1653;x;
1654;169;78;157;PROV1654;x;
1655;1;81;30;PROV1655;x;
1656;43;84;158;PROV1656;x;
1657;85;87;31;PROV1657;x;
1658;127;90;159;PROV1658;x;
1659;169;93;32;PROV1659;x;
1660;1;96;160;PROV1660;x;
1661;43;99;33;PROV1661;x;
1662;85;102;161;PROV1662;x;
1663;127;105;34;PROV1663;x;
1664;169;108;162;PROV1664;x;
1665;1;111;35;PROV1665;x;
1666;43;114;163;PROV1666;x;
1667;85;117;36;PROV1667;x;
1668;127;120;164;PROV1668;x;
1669;169;123;37;PROV1669;x;
1670;1;126;165;PROV1670;x;
1671;43;129;38;PROV1671;x;
1672;85;132;166;PROV1672;x;
1673;127;135;39;PROV1673;x;
1674;169;138;167;PROV1674;x;
1675;1;141;40;PROV1675;x;
1676;43;144;168;PROV1676;x;
1677;85;147;41;PROV1677;x;
1678;127;150;169;PROV1678;x;
1679;169;153;42;PROV1679;x;
1680;1;156;170;PROV1680;x;
1681;43;159;43;PROV1681;x;
1682;85;162;171;PROV1682;x;
1683;127;165;44;PROV1683;x;
1684;169;168;172;PROV1684;x;
1685;1;171;45;PROV1685;x;
1686;43;174;173;PROV1686;x;
1687;85;177;46;PROV1687;x;
1688;127;180;174;PROV1688;x;
1689;169;183;47;PROV1689;x;
1690;1;186;175;PROV1690;x;
1691;43;189;48;PROV1691;x;
1692;85;192;176;PROV1692;x;
1693;127;195;49;PROV1693;x;
1694;169;198;177;PROV1694;x;
1695;1;201;50;PROV1695;x;
1696;43;204;178;PROV1696;x;
1697;85;207;51;PROV1697;x;
1698;127;210;179;PROV1698;x;
1699;169;0;52;PROV1699;x;
1700;1;3;180;PROV1700;x;
1701;43;6;53;PROV1701;x;
1702;85;9;181;PROV1702;x;
1703;127;12;54;PROV1703;x;
1704;169;15;182;PROV1704;x;
1705;1;18;55;PROV1705;x;
1706;43;21;183;PROV1706;x;
1707;85;24;56;PROV1707;x;
1708;127;27;184;PROV1708;x;
1709;169;30;57;PROV1709;x;
1710;1;33;185;PROV1710;x;
1711;43;36;58;PROV1711;x;
1712;85;39;186;PROV1712;x;
1713;127;42;59;PROV1713;x;
1714;169;45;187;PROV1714;x;
1715;1;48;60;PROV1715;x;
1716;43;51;188;PROV1716;x;
1717;85;54;61;PROV1717;x;
1718;127;57;189;PROV1718;x;
1719;169;60;62;PROV1719;x;
1720;1;63;190;PROV1720;x;
1721;43;66;63;PROV1721;x;
1722;85;69;191;PROV1722;x;
1723;127;72;64;PROV1723;x;
1724;169;75;192;PROV1724;x;
1725;1;78;65;PROV1725;x;
1726;43;81;193;PROV1726;x;
1727;85;84;66;PROV1727;x;
1728;127;87;194;PROV1728;x;
1729;169;90;67;PROV1729;x;
1730;1;93;195;PROV1730;x;
1731;43;96;68;PROV1731;x;
1732;85;99;196;PROV1732;x;
1733;127;102;69;PROV1733;x;
1734;169;105;197;PROV1734;x;
1735;1;108;70;PROV1735;x;
1736;43;111;198;PROV1736;x;
1737;85;114;71;PROV1737;x;
1738;127;117;199;PROV1738;x;
1739;169;120;72;PROV1739;x;
1740;1;123;200;PROV1740;x;
1741;43;126;73;PROV1741;x;
1742;85;129;201;PROV1742;x;
1743;127;132;74;PROV1743;x;
1744;169;135;202;PROV1744;x;
1745;1;138;75;PROV1745;x;
1746;43;141;203;PROV1746;x;
1747;85;144;76;PROV1747;x;
1748;127;147;204;PROV1748;x;
1749;169;150;77;PROV1749;x;
1750;1;153;205;PROV1750;x;
1751;43;156;78;PROV1751;x;
1752;85;159;206;PROV1752;x;
1753;127;162;79;PROV1753;x;
1754;169;165;207;PROV1754;x;
1755;1;168;80;PROV1755;x;
1756;43;171;208;PROV1756;x;
1757;85;174;81;PROV1757;x;
1758;127;177;209;PROV1758;x;
1759;169;180;82;PROV1759;x;
1760;1;183;210;PROV1760;x;
1761;43;186;83;PROV1761;x;
1762;85;189;211;PROV1762;x;
1763;127;192;84;PROV1763;x;
1764;169;195;212;PROV1764;x;
1765;1;198;85;PROV1765;x;
1766;43;201;213;PROV1766;x;
1767;85;204;86;PROV1767;x;
1768;127;207;214;PROV1768;x;
1769;169;210;87;PROV1769;x;
1770;1;0;215;PROV1770;x;
1771;43;3;88;PROV1771;x;
1772;85;6;216;PROV1772;x;
1773;127;9;89;PROV1773;x;
1774;169;12;217;PROV1774;x;
1775;1;15;90;PROV1775;x;
1776;43;18;218;PROV1776;x;
1777;85;21;91;PROV1777;x;
1778;127;24;219;PROV1778;x;
1779;169;27;92;PROV1779;x;
1780;1;30;220;PROV1780;x;
1781;43;33;93;PROV1781;x;
1782;85;36;221;PROV1782;x;
1783;127;39;94;PROV1783;x;
1784;169;42;222;PROV1784;x;
1785;1;45;95;PROV1785;x;
1786;43;48;223;PROV1786;x;
1787;85;51;96;PROV1787;x;
1788;127;54;224;PROV1788;x;
1789;169;57;97;PROV1789;x;
1790;1;60;225;PROV1790;x;
1791;43;63;98;PROV1791;x;
1792;85;66;226;PROV1792;x;
1793;127;69;99;PROV1793;x;
1794;169;72;227;PROV1794;x;
1795;1;75;0;PROV1795;x;
1796;43;78;128;PROV1796;x;
1797;85;81;1;PROV1797;x;
1798;127;84;129;PROV1798;x;
1799;169;87;2;PROV1799;x;
1800;1;90;130;PROV1800;x;
1801;43;93;3;PROV1801;x;
1802;85;96;131;PROV1802;x;
1803;127;99;4;PROV1803;x;
1804;169;102;132;PROV1804;x;
1805;1;105;5;PROV1805;x;
1806;43;108;133;PROV1806;x;
1807;85;111;6;PROV1807;x;
1808;127;114;134;PROV1808;x;
1809;169;117;7;PROV1809;x;
1810;1;120;135;PROV1810;x;
1811;43;123;8;PROV1811;x;
1812;85;126;136;PROV1812;x;
1813;127;129;9;PROV1813;x;
1814;169;132;137;PROV1814;x;
1815;1;135;10;PROV1815;x;
1816;43;138;138;PROV1816;x;
1817;85;141;11;PROV1817;x;
1818;127;144;139;PROV1818;x;
1819;169;147;12;PROV1819;x;
1820;1;150;140;PROV1820;x;
1821;43;153;13;PROV1821;x;
1822;85;156;141;PROV1822;x;
1823;127;159;14;PROV1823;x;
1824;169;162;142;PROV1824;x;
1825;1;165;15;PROV1825;x;
1826;43;168;143;PROV1826;x;
1827;85;171;16;PROV1827;x;
1828;127;174;144;PROV1828;x;
1829;169;177;17;PROV1829;x;
1830;1;180;145;PROV1830;x;
1831;43;183;18;PROV1831;x;
1832;85;186;146;PROV1832;x;
1833;127;189;19;PROV1833;x;
1834;169;192;147;PROV1834;x;
1835;1;195;20;PROV1835;x;
1836;43;198;148;PROV1836;x;
1837;85;201;21;PROV1837;x;
1838;127;204;149;PROV1838;x;
1839;169;207;22;PROV1839;x;
1840;1;210;150;PROV1840;x;
1841;43;0;23;PROV1841;x;
1842;85;3;151;PROV1842;x;
1843;127;6;24;PROV1843;x;
1844;169;9;152;PROV1844;x;
1845;1;12;25;PROV1845;x;
1846;43;15;153;PROV1846;x;
1847;85;18;26;PROV1847;x;
1848;127;21;154;PROV1848;x;
1849;169;24;27;PROV1849;x;
1850;1;27;155;PROV1850;x;
1851;43;30;28;PROV1851;x;
1852;85;33;156;PROV1852;x;
1853;127;36;29;PROV1853;x;
1854;169;39;157;PROV1854;x;
1855;1;42;30;PROV1855;x;
1856;43;45;158;PROV1856;x;
1857;85;48;31;PROV1857;x;
1858;127;51;159;PROV1858;x;
1859;169;54;32;PROV1859;x;
1860;1;57;160;PROV1860;x;
1861;43;60;33;PROV1861;x;
1862;85;63;161;PROV1862;x;
1863;127;66;34;PROV1863;x;
1864;169;69;162;PROV1864;x;
1865;1;72;35;PROV1865;x;
1866;43;75;163;PROV1866;x;
1867;85;78;36;PROV1867;x;
1868;127;81;164;PROV1868;x;
1869;169;84;37;PROV1869;x;
1870;1;87;165;PROV1870;x;
1871;43;90;38;PROV1871;x;
1872;85;93;166;PROV1872;x;
1873;127;96;39;PROV1873;x;
1874;169;99;167;PROV1874;x;
1875;1;102;40;PROV1875;x;
1876;43;105;168;PROV1876;x;
1877;85;108;41;PROV1877;x;
1878;127;111;169;PROV1878;x;
1879;169;114;42;PROV1879;x;
1880;1;117;170;PROV1880;x;
1881;43;120;43;PROV1881;x;
1882;85;123;171;PROV1882;x;
1883;127;126;44;PROV1883;x;
1884;169;129;172;PROV1884;x;
1885;1;132;45;PROV1885;x;
1886;43;135;173;PROV1886;x;
1887;85;138;46;PROV1887;x;
1888;127;141;174;PROV1888;x;
1889;169;144;47;PROV1889;x;
1890;1;147;175;PROV1890;x;
1891;43;150;48;PROV1891;x;
1892;85;153;176;PROV1892;x;
1893;127;156;49;PROV1893;x;
1894;169;159;177;PROV1894;x;
1895;1;162;50;PROV1895;x;
1896;43;165;178;PROV1896;x;
1897;85;168;51;PROV1897;x;
1898;127;171;179;PROV1898;x;
1899;169;174;52;PROV1899;x;
1900;1;177;180;PROV1900;x;
1901;43;180;53;PROV1901;x;
1902;85;183;181;PROV1902;x;
1903;127;186;54;PROV1903;x;
1904;169;189;182;PROV1904;x;
1905;1;192;55;PROV1905;x;
1906;43;195;183;PROV1906;x;
1907;85;198;56;PROV1907;x;
1908;127;201;184;PROV1908;x;
1909;169;204;57;PROV1909;x;
1910;1;207;185;PROV1910;x;
1911;43;210;58;PROV1911;x;
1912;85;0;186;PROV1912;x;
1913;127;3;59;PROV1913;x;
1914;169;6;187;PROV1914;x;
1915;1;9;60;PROV1915;x;
1916;43;12;188;PROV1916;x;
1917;85;15;61;PROV1917;x;
1918;127;18;189;PROV1918;x;
1919;169;21;62;PROV1919;x;
1920;1;24;190;PROV1920;x;
1921;43;27;63;PROV1921;x;
1922;85;30;191;PROV1922;x;
1923;127;33;64;PROV1923;x;
1924;169;36;192;PROV1924;x;
1925;1;39;65;PROV1925;x;
1926;43;42;193;PROV1926;x;
1927;85;45;66;PROV1927;x;
1928;127;48;194;PROV1928;x;
1929;169;51;67;PROV1929;x;
1930;1;54;195;PROV1930;x;
1931;43;57;68;PROV1931;x;
1932;85;60;196;PROV1932;x;
1933;127;63;69;PROV1933;x;
1934;169;66;197;PROV1934;x;
1935;1;69;70;PROV1935;x;
1936;43;72;198;PROV1936;x;
1937;85;75;71;PROV1937;x;
1938;127;78;199;PROV1938;x;
1939;169;81;72;PROV1939;x;
1940;1;84;200;PROV1940;x;
1941;43;87;73;PROV1941;x;
1942;85;90;201;PROV1942;x;
1943;127;93;74;PROV1943;x;
1944;169;96;202;PROV1944;x;
1945;1;99;75;PROV1945;x;
1946;43;102;203;PROV1946;x;
1947;85;105;76;PROV1947;x;
1948;127;108;204;PROV1948;x;
1949;169;111;77;PROV1949;x;
1950;1;114;205;PROV1950;x;
1951;43;117;78;PROV1951;x;
1952;85;120;206;PROV1952;x;
1953;127;123;79;PROV1953;x;
1954;169;126;207;PROV1954;x;
1955;1;129;80;PROV1955;x;
1956;43;132;208;PROV1956;x;
1957;85;135;81;PROV1957;x;
1958;127;138;209;PROV1958;x;
1959;169;141;82;PROV1959;x;
1960;1;144;210;PROV1960;x;
1961;43;147;83;PROV1961;x;
1962;85;150;211;PROV1962;x;
1963;127;153;84;PROV1963;x;
1964;169;156;212;PROV1964;x;
1965;1;159;85;PROV1965;x;
1966;43;162;213;PROV1966;x;
1967;85;165;86;PROV1967;x;
1968;127;168;214;PROV1968;x;
1969;169;171;87;PROV1969;x;
1970;1;174;215;PROV1970;x;
1971;43;177;88;PROV1971;x;
1972;85;180;216;PROV1972;x;
1973;127;183;89;PROV1973;x;
1974;169;186;217;PROV1974;x;
1975;1;189;90;PROV1975;x;
1976;43;192;218;PROV1976;x;
1977;85;195;91;PROV1977;x;
1978;127;198;219;PROV1978;x;
1979;169;201;92;PROV1979;x;
1980;1;204;220;PROV1980;x;
1981;43;207;93;PROV1981;x;
1982;85;210;221;PROV1982;x;
1983;127;0;94;PROV1983;x;
1984;169;3;222;PROV1984;x;
1985;1;6;95;PROV1985;x;
1986;43;9;223;PROV1986;x;
1987;85;12;96;PROV1987;x;
1988;127;15;224;PROV1988;x;
1989;169;18;97;PROV1989;x;
1990;1;21;225;PROV1990;x;
1991;43;24;98;PROV1991;x;
1992;85;27;226;PROV1992;x;
1993;127;30;99;PROV1993;x;
1994;169;33;227;PROV1994;x;
1995;2;36;0;PROV1995;x;
1996;44;39;128;PROV1996;x;
1997;86;42;1;PROV1997;x;
1998;128;45;129;PROV1998;x;
1999;170;48;2;PROV1999;x;
2000;2;51;130;PROV2000;x;
2001;44;54;3;PROV2001;x;
2002;86;57;131;PROV2002;x;
2003;128;60;4;PROV2003;x;
2004;170;63;132;PROV2004;x;
2005;2;66;5;PROV2005;x;
2006;44;69;133;PROV2006;x;
2007;86;72;6;PROV2007;x;
2008;128;75;134;PROV2008;x;
2009;170;78;7;PROV2009;x;
2010;2;81;135;PROV2010;x;
2011;44;84;8;PROV2011;x;
2012;86;87;136;PROV2012;x;
2013;128;90;9;PROV2013;x;
2014;170;93;137;PROV2014;x;
2015;2;96;10;PROV2015;x;
2016;44;99;138;PROV2016;x;
2017;86;102;11;PROV2017;x;
2018;128;105;139;PROV2018;x;
2019;170;108;12;PROV2019;x;
2020;2;111;140;PROV2020;x;
2021;44;114;13;PROV2021;x;
2022;86;117;141;PROV2022;x;
2023;128;120;14;PROV2023;x;
2024;170;123;142;PROV2024;x;
2025;2;126;15;PROV2025;x;
2026;44;129;143;PROV2026;x;
2027;86;132;16;PROV2027;x;
2028;128;135;144;PROV2028;x;
2029;170;138;17;PROV2029;x;
2030;2;141;145;PROV2030;x;
2031;44;144;18;PROV2031;x;
2032;86;147;146;PROV2032;x;
2033;128;150;19;PROV2033;x;
2034;170;153;147;PROV2034;x;
2035;2;156;20;PROV2035;x;
2036;44;159;148;PROV2036;x;
2037;86;162;21;PROV2037;x;
2038;128;165;149;PROV2038;x;
2039;170;168;22;PROV2039;x;
2040;2;171;150;PROV2040;x;
2041;44;174;23;PROV2041;x;
2042;86;177;151;PROV2042;x;
2043;128;180;24;PROV2043;x;
2044;170;183;152;PROV2044;x;
2045;2;186;25;PROV2045;x;
2046;44;189;153;PROV2046;x;
2047;86;192;26;PROV2047;x;
2048;128;195;154;PROV2048;x;
2049;170;198;27;PROV2049;x;
2050;2;201;155;PROV2050;x;
2051;44;204;28;PROV2051;x;
2052;86;207;156;PROV2052;x;
2053;128;210;29;PROV2053;x;
2054;170;0;157;PROV2054;x;
2055;2;3;30;PROV2055;x;
2056;44;6;158;PROV2056;x;
2057;86;9;31;PROV2057;x;
2058;128;12;159;PROV2058;x;
2059;170;15;32;PROV2059;x;
2060;2;18;160;PROV2060;x;
2061;44;21;33;PROV2061;x;
2062;86;24;161;PROV2062;x;
2063;128;27;34;PROV2063;x;
2064;170;30;162;PROV2064;x;
2065;2;33;35;PROV2065;x;
2066;44;36;163;PROV2066;x;
2067;86;39;36;PROV2067;x;
2068;128;42;164;PROV2068;x;
2069;170;45;37;PROV2069;x;
2070;2;48;165;PROV2070;x;
2071;44;51;38;PROV2071;x;
2072;86;54;166;PROV2072;x;
2073;128;57;39;PROV2073;x;
2074;170;60;167;PROV2074;x;
2075;2;63;40;PROV2075;x;
2076;44;66;168;PROV2076;x;
2077;86;69;41;PROV2077;x;
2078;128;72;169;PROV2078;x;
2079;170;75;42;PROV2079;x;
2080;2;78;170;PROV2080;x;
2081;44;81;43;PROV2081;x;
2082;86;84;171;PROV2082;x;
2083;128;87;44;PROV2083;x;
2084;170;90;172;PROV2084;x;
2085;2;93;45;PROV2085;x;
2086;44;96;173;PROV2086;x;
2087;86;99;46;PROV2087;x;
2088;128;102;174;PROV2088;x;
2089;170;105;47;PROV2089;x;
2090;2;108;175;PROV2090;x;
2091;44;111;48;PROV2091;x;
2092;86;114;176;PROV2092;x;
2093;128;117;49;PROV2093;x;
2094;170;120;177;PROV2094;x;
2095;2;123;50;PROV2095;x;
2096;44;126;178;PROV2096;x;
2097;86;129;51;PROV2097;x;
2098;128;132;179;PROV2098;x;
2099;170;135;52;PROV2099;x;
2100;2;138;180;PROV2100;x;
2101;44;141;53;PROV2101;x;
2102;86;144;181;PROV2102;x;
2103;128;147;54;PROV2103;x;
2104;170;150;182;PROV2104;x;
2105;2;153;55;PROV2105;x;
2106;44;156;183;PROV2106;x;
2107;86;159;56;PROV2107;x;
2108;128;162;184;PROV2108;x;
2109;170;165;57;PROV2109;x;
2110;2;168;185;PROV2110;x;
2111;44;171;58;PROV2111;x;
2112;86;174;186;PROV2112;x;
2113;128;177;59;PROV2113;x;
2114;170;180;187;PROV2114;x;
2115;2;183;60;PROV2115;x;
2116;44;186;188;PROV2116;x;
2117;86;189;61;PROV2117;x;
2118;128;192;189;PROV2118;x;
2119;170;195;62;PROV2119;x;
2120;2;198;190;PROV2120;x;
2121;44;201;63;PROV2121;x;
2122;86;204;191;PROV2122;x;
2123;128;207;64;PROV2123;x;
2124;170;210;192;PROV2124;x;
2125;2;0;65;PROV2125;x;
2126;44;3;193;PROV2126;x;
2127;86;6;66;PROV2127;x;
2128;128;9;194;PROV2128;x;
2129;170;12;67;PROV2129;x;
2130;2;15;195;PROV2130;x;
2131;44;18;68;PROV2131;x;
2132;86;21;196;PROV2132;x;
2133;128;24;69;PROV2133;x;
2134;170;27;197;PROV2134;x;
2135;2;30;70;PROV2135;x;
2136;44;33;198;PROV2136;x;
2137;86;36;71;PROV2137;x;
2138;128;39;199;PROV2138;x;
2139;170;42;72;PROV2139;x;
2140;2;45;200;PROV2140;x;
2141;44;48;73;PROV2141;x;
2142;86;51;201;PROV2142;x;
2143;128;54;74;PROV2143;x;
2144;170;57;202;PROV2144;x;
2145;2;60;75;PROV2145;x;
2146;44;63;203;PROV2146;x;
2147;86;66;76;PROV2147;x;
2148;128;69;204;PROV2148;x;
2149;170;72;77;PROV2149;x;
2150;2;75;205;PROV2150;x;
2151;44;78;78;PROV2151;x;
2152;86;81;206;PROV2152;x;
2153;128;84;79;PROV2153;x;
2154;170;87;207;PROV2154;x;
2155;2;90;80;PROV2155;x;
2156;44;93;208;PROV2156;x;
2157;86;96;81;PROV2157;x;
2158;128;99;209;PROV2158;x;
2159;170;102;82;PROV2159;x;
2160;2;105;210;PROV2160;x;
2161;44;108;83;PROV2161;x;
2162;86;111;211;PROV2162;x;
2163;128;114;84;PROV2163;x;
2164;170;117;212;PROV2164;x;
2165;2;120;85;PROV2165;x;
2166;44;123;213;PROV2166;x;
2167;86;126;86;PROV2167;x;
2168;128;129;214;PROV2168;x;
2169;170;132;87;PROV2169;x;
2170;2;135;215;PROV2170;x;
2171;44;138;88;PROV2171;x;
2172;86;141;216;PROV2172;x;
2173;128;144;89;PROV2173;x;
2174;170;147;217;PROV2174;x;
2175;2;150;90;PROV2175;x;
2176;44;153;218;PROV2176;x;
2177;86;156;91;PROV2177;x;
2178;128;159;219;PROV2178;x;
2179;170;162;92;PROV2179;x;
2180;2;165;220;PROV2180;x;
2181;44;168;93;PROV2181;x;
2182;86;171;221;PROV2182;x;
2183;128;174;94;PROV2183;x;
2184;170;177;222;PROV2184;x;
2185;2;180;95;PROV2185;x;
2186;44;183;223;PROV2186;x;
2187;86;186;96;PROV2187;x;
2188;128;189;224;PROV2188;x;
2189;170;192;97;PROV2189;x;
2190;2;195;225;PROV2190;x;
2191;44;198;98;PROV2191;x;
2192;86;201;226;PROV2192;x;
2193;128;204;99;PROV2193;x;
2194;170;207;227;PROV2194;x;
2195;2;210;0;PROV2195;x;
2196;44;0;128;PROV2196;x;
2197;86;3;1;PROV2197;x;
2198;128;6;129;PROV2198;x;
2199;170;9;2;PROV2199;x;
2200;2;12;130;PROV2200;x;
2201;44;15;3;PROV2201;x;
2202;86;18;131;PROV2202;x;
2203;128;21;4;PROV2203;x;
2204;170;24;132;PROV2204;x;
2205;2;27;5;PROV2205;x;
2206;44;30;133;PROV2206;x;
2207;86;33;6;PROV2207;x;
2208;128;36;134;PROV2208;x;
2209;170;39;7;PROV2209;x;
2210;2;42;135;PROV2210;x;
2211;44;45;8;PROV2211;x;
2212;86;48;136;PROV2212;x;
2213;128;51;9;PROV2213;x;
2214;170;54;137;PROV2214;x;
2215;2;57;10;PROV2215;x;
2216;44;60;138;PROV2216;x;
2217;86;63;11;PROV2217;x;
2218;128;66;139;PROV2218;x;
2219;170;69;12;PROV2219;x;
2220;2;72;140;PROV2220;x;
2221;44;75;13;PROV2221;x;
2222;86;78;141;PROV2222;x;
2223;128;81;14;PROV2223;x;
2224;170;84;142;PROV2224;x;
2225;2;87;15;PROV2225;x;
2226;44;90;143;PROV2226;x;
2227;86;93;16;PROV2227;x;
2228;128;96;144;PROV2228;x;
2229;170;99;17;PROV2229;x;
2230;2;102;145;PROV2230;x;
2231;44;105;18;PROV2231;x;
2232;86;108;146;PROV2232;x;
2233;128;111;19;PROV2233;x;
2234;170;114;147;PROV2234;x;
2235;2;117;20;PROV2235;x;
2236;44;120;148;PROV2236;x;
2237;86;123;21;PROV2237;x;
2238;128;126;149;PROV2238;x;
2239;170;129;22;PROV2239;x;
2240;2;132;150;PROV2240;x;
2241;44;135;23;PROV2241;x;
2242;86;138;151;PROV2242;x;
2243;128;141;24;PROV2243;x;
2244;170;144;152;PROV2244;x;
2245;2;147;25;PROV2245;x;
2246;44;150;153;PROV2246;x;
2247;86;153;26;PROV2247;x;
2248;128;156;154;PROV2248;x;
2249;170;159;27;PROV2249;x;
2250;2;162;155;PROV2250;x;
2251;44;165;28;PROV2251;x;
2252;86;168;156;PROV2252;x;
2253;128;171;29;PROV2253;x;
2254;170;174;157;PROV2254;x;
2255;2;177;30;PROV2255;x;
2256;44;180;158;PROV2256;x;
2257;86;183;31;PROV2257;x;
2258;128;186;159;PROV2258;x;
2259;170;189;32;PROV2259;x;
2260;2;192;160;PROV2260;x;
2261;44;195;33;PROV2261;x;
2262;86;198;161;PROV2262;x;
2263;128;201;34;PROV2263;x;
2264;170;204;162;PROV2264;x;
2265;2;207;35;PROV2265;x;
2266;44;210;163;PROV2266;x;
2267;86;0;36;PROV2267;x;
2268;128;3;164;PROV2268;x;
2269;170;6;37;PROV2269;x;
2270;2;9;165;PROV2270;x;
2271;44;12;38;PROV2271;x;
2272;86;15;166;PROV2272;x;
2273;128;18;39;PROV2273;x;
2274;170;21;167;PROV2274;x;
2275;2;24;40;PROV2275;x;
2276;44;27;168;PROV2276;x;
2277;86;30;41;PROV2277;x;
2278;128;33;169;PROV2278;x;
2279;170;36;42;PROV2279;x;
2280;2;39;170;PROV2280;x;
2281;44;42;43;PROV2281;x;
2282;86;45;171;PROV2282;x;
2283;128;48;44;PROV2283;x;
2284;170;51;172;PROV2284;x;
2285;2;54;45;PROV2285;x;
2286;44;57;173;PROV2286;x;
2287;86;60;46;PROV2287;x;
2288;128;63;174;PROV2288;x;
2289;170;66;47;PROV2289;x;
2290;2;69;175;PROV2290;x;
2291;44;72;48;PROV2291;x;
2292;86;75;176;PROV2292;x;
2293;128;78;49;PROV2293;x;
2294;170;81;177;PROV2294;x;
2295;2;84;50;PROV2295;x;
2296;44;87;178;PROV2296;x;
2297;86;90;51;PROV2297;x;
2298;128;93;179;PROV2298;x;
2299;170;96;52;PROV2299;x;
2300;2;99;180;PROV2300;x;
2301;44;102;53;PROV2301;x;
2302;86;105;181;PROV2302;x;
2303;128;108;54;PROV2303;x;
2304;170;111;182;PROV2304;x;
2305;2;114;55;PROV2305;x;
2306;44;117;183;PROV2306;x;
2307;86;120;56;PROV2307;x;
2308;128;123;184;PROV2308;x;
2309;170;126;57;PROV2309;x;
2310;2;129;185;PROV2310;x;
2311;44;132;58;PROV2311;x;
2312;86;135;186;PROV2312;x;
2313;128;138;59;PROV2313;x;
2314;170;141;187;PROV2314;x;
2315;2;144;60;PROV2315;x;
2316;44;147;188;PROV2316;x;
2317;86;150;61;PROV2317;x;
2318;128;153;189;PROV2318;x;
2319;170;156;62;PROV2319;x;
2320;2;159;190;PROV2320;x;
2321;44;162;63;PROV2321;x;
2322;86;165;191;PROV2322;x;
2323;128;168;64;PROV2323;x;
2324;170;171;192;PROV2324;x;
2325;2;174;65;PROV2325;x;
2326;44;177;193;PROV2326;x;
2327;86;180;66;PROV2327;x;
2328;128;183;194;PROV2328;x;
2329;170;186;67;PROV2329;x;
2330;2;189;195;PROV2330;x;
2331;44;192;68;PROV2331;x;
2332;86;195;196;PROV2332;x;
2333;128;198;69;PROV2333;x;
2334;170;201;197;PROV2334;x;
2335;2;204;70;PROV2335;x;
2336;44;207;198;PROV2336;x;
2337;86;210;71;PROV2337;x;
2338;128;0;199;PROV2338;x;
2339;170;3;72;PROV2339;x;
2340;2;6;200;PROV2340;x;
2341;44;9;73;PROV2341;x;
2342;86;12;201;PROV2342;x;
2343;128;15;74;PROV2343;x;
2344;170;18;202;PROV2344;x;
2345;2;21;75;PROV2345;x;
2346;44;24;203;PROV2346;x;
2347;86;27;76;PROV2347;x;
2348;128;30;204;PROV2348;x;
2349;170;33;77;PROV2349;x;
2350;2;36;205;PROV2350;x;
2351;44;39;78;PROV2351;x;
2352;86;42;206;PROV2352;x;
2353;128;45;79;PROV2353;x;
2354;170;48;207;PROV2354;x;
2355;2;51;80;PROV2355;x;
2356;44;54;208;PROV2356;x;
2357;86;57;81;PROV2357;x;
2358;128;60;209;PROV2358;x;
2359;170;63;82;PROV2359;x;
2360;2;66;210;PROV2360;x;
2361;44;69;83;PROV2361;x;
2362;86;72;211;PROV2362;x;
2363;128;75;84;PROV2363;x;
2364;170;78;212;PROV2364;x;
2365;2;81;85;PROV2365;x;
2366;44;84;213;PROV2366;x;
2367;86;87;86;PROV2367;x;
2368;128;90;214;PROV2368;x;
2369;170;93;87;PROV2369;x;
2370;2;96;215;PROV2370;x;
2371;44;99;88;PROV2371;x;
2372;86;102;216;PROV2372;x;
2373;128;105;89;PROV2373;x;
2374;170;108;217;PROV2374;x;
2375;2;111;90;PROV2375;x;
2376;44;114;218;PROV2376;x;
2377;86;117;91;PROV2377;x;
2378;128;120;219;PROV2378;x;
2379;170;123;92;PROV2379;x;
2380;2;126;220;PROV2380;x;
2381;44;129;93;PROV2381;x;
2382;86;132;221;PROV2382;x;
2383;128;135;94;PROV2383;x;
2384;170;138;222;PROV2384;x;
2385;2;141;95;PROV2385;x;
2386;44;144;223;PROV2386;x;
2387;86;147;96;PROV2387;x;
2388;128;150;224;PROV2388;x;
2389;170;153;97;PROV2389;x;
2390;2;156;225;PROV2390;x;
2391;44;159;98;PROV2391;x;
2392;86;162;226;PROV2392;x;
2393;128;165;99;PROV2393;x;
2394;170;168;227;PROV2394;x;
2395;2;171;0;PROV2395;x;
2396;44;174;128;PROV2396;x;
2397;86;177;1;PROV2397;x;
2398;128;180;129;PROV2398;x;
2399;170;183;2;PROV2399;x;
2400;2;186;130;PROV2400;x;
2401;44;189;3;PROV2401;x;
2402;86;192;131;PROV2402;x;
2403;128;195;4;PROV2403;x;
2404;170;198;132;PROV2404;x;
2405;2;201;5;PROV2405;x;
2406;44;204;133;PROV2406;x;
2407;86;207;6;PROV2407;x;
2408;128;210;134;PROV2408;x;
2409;170;0;7;PROV2409;x;
2410;2;3;135;PROV2410;x;
2411;44;6;8;PROV2411;x;
2412;86;9;136;PROV2412;x;
2413;128;12;9;PROV2413;x;
2414;170;15;137;PROV2414;x;
2415;2;18;10;PROV2415;x;
2416;44;21;138;PROV2416;x;
2417;86;24;11;PROV2417;x;
2418;128;27;139;PROV2418;x;
2419;170;30;12;PROV2419;x;
2420;2;33;140;PROV2420;x;
2421;44;36;13;PROV2421;x;
2422;86;39;141;PROV2422;x;
2423;128;42;14;PROV2423;x;
2424;170;45;142;PROV2424;x;
2425;2;48;15;PROV2425;x;
2426;44;51;143;PROV2426;x;
2427;86;54;16;PROV2427;x;
2428;128;57;144;PROV2428;x;
2429;170;60;17;PROV2429;x;
2430;2;63;145;PROV2430;x;
2431;44;66;18;PROV2431;x;
2432;86;69;146;PROV2432;x;
2433;128;72;19;PROV2433;x;
2434;170;75;147;PROV2434;x;
2435;2;78;20;PROV2435;x;
2436;44;81;148;PROV2436;x;
2437;86;84;21;PROV2437;x;
2438;128;87;149;PROV2438;x;
2439;170;90;22;PROV2439;x;
2440;2;93;150;PROV2440;x;
2441;44;96;23;PROV2441;x;
2442;86;99;151;PROV2442;x;
2443;128;102;24;PROV2443;x;
2444;170;105;152;PROV2444;x;
2445;2;108;25;PROV2445;x;
2446;44;111;153;PROV2446;x;
2447;86;114;26;PROV2447;x;
2448;128;117;154;PROV2448;x;
2449;170;120;27;PROV2449;x;
2450;2;123;155;PROV2450;x;
2451;44;126;28;PROV2451;x;
2452;86;129;156;PROV2452;x;
2453;128;132;29;PROV2453;x;
2454;170;135;157;PROV2454;x;
2455;2;138;30;PROV2455;x;
2456;44;141;158;PROV2456;x;
2457;86;144;31;PROV2457;x;
2458;128;147;159;PROV2458;x;
2459;170;150;32;PROV2459;x;
2460;2;153;160;PROV2460;x;
2461;44;156;33;PROV2461;x;
2462;86;159;161;PROV2462;x;
2463;128;162;34;PROV2463;x;
2464;170;165;162;PROV2464;x;
2465;2;168;35;PROV2465;x;
2466;44;171;163;PROV2466;x;
2467;86;174;36;PROV2467;x;
2468;128;177;164;PROV2468;x;
2469;170;180;37;PROV2469;x;
2470;2;183;165;PROV2470;x;
2471;44;186;38;PROV2471;x;
2472;86;189;166;PROV2472;x;
2473;128;192;39;PROV2473;x;
2474;170;195;167;PROV2474;x;
2475;2;198;40;PROV2475;x;
2476;44;201;168;PROV2476;x;
2477;86;204;41;PROV2477;x;
2478;128;207;169;PROV2478;x;
2479;170;210;42;PROV2479;x;
2480;2;0;170;PROV2480;x;
2481;44;3;43;PROV2481;x;
2482;86;6;171;PROV2482;x;
2483;128;9;44;PROV2483;x;
2484;170;12;172;PROV2484;x;
2485;2;15;45;PROV2485;x;
2486;44;18;173;PROV2486;x;
2487;86;21;46;PROV2487;x;
2488;128;24;174;PROV2488;x;
2489;170;27;47;PROV2489;x;
2490;2;30;175;PROV2490;x;
2491;44;33;48;PROV2491;x;
2492;86;36;176;PROV2492;x;
2493;128;39;49;PROV2493;x;
2494;170;42;177;PROV2494;x;
2495;2;45;50;PROV2495;x;
2496;44;48;178;PROV2496;x;
2497;86;51;51;PROV2497;x;
2498;128;54;179;PROV2498;x;
2499;170;57;52;PROV2499;x;
2500;2;60;180;PROV2500;x;
2501;44;63;53;PROV2501;x;
2502;86;66;181;PROV2502;x;
2503;128;69;54;PROV2503;x;
2504;170;72;182;PROV2504;x;
2505;2;75;55;PROV2505;x;
2506;44;78;183;PROV2506;x;
2507;86;81;56;PROV2507;x;
2508;128;84;184;PROV2508;x;
2509;170;87;57;PROV2509;x;
2510;2;90;185;PROV2510;x;
2511;44;93;58;PROV2511;x;
2512;86;96;186;PROV2512;x;
2513;128;99;59;PROV2513;x;
2514;170;102;187;PROV2514;x;
2515;2;105;60;PROV2515;x;
2516;44;108;188;PROV2516;x;
2517;86;111;61;PROV2517;x;
2518;128;114;189;PROV2518;x;
2519;170;117;62;PROV2519;x;
2520;2;120;190;PROV2520;x;
2521;44;123;63;PROV2521;x;
2522;86;126;191;PROV2522;x;
2523;128;129;64;PROV2523;x;
2524;170;132;192;PROV2524;x;
2525;2;135;65;PROV2525;x;
2526;44;138;193;PROV2526;x;
2527;86;141;66;PROV2527;x;
2528;128;144;194;PROV2528;x;
2529;170;147;67;PROV2529;x;
2530;2;150;195;PROV2530;x;
2531;44;153;68;PROV2531;x;
2532;86;156;196;PROV2532;x;
2533;128;159;69;PROV2533;x;
2534;170;162;197;PROV2534;x;
2535;2;165;70;PROV2535;x;
2536;44;168;198;PROV2536;x;
2537;86;171;71;PROV2537;x;
2538;128;174;199;PROV2538;x;
2539;170;177;72;PROV2539;x;
2540;2;180;200;PROV2540;x;
2541;44;183;73;PROV2541;x;
2542;86;186;201;PROV2542;x;
2543;128;189;74;PROV2543;x;
2544;170;192;202;PROV2544;x;
2545;2;195;75;PROV2545;x;
2546;44;198;203;PROV2546;x;
2547;86;201;76;PROV2547;x;
2548;128;204;204;PROV2548;x;
2549;170;207;77;PROV2549;x;
2550;2;210;205;PROV2550;x;
2551;44;0;78;PROV2551;x;
2552;86;3;206;PROV2552;x;
2553;128;6;79;PROV2553;x;
2554;170;9;207;PROV2554;x;
2555;2;12;80;PROV2555;x;
2556;44;15;208;PROV2556;x;
2557;86;18;81;PROV2557;x;
2558;128;21;209;PROV2558;x;
2559;170;24;82;PROV2559;x;
2560;2;27;210;PROV2560;x;
2561;44;30;83;PROV2561;x;
2562;86;33;211;PROV2562;x;
2563;128;36;84;PROV2563;x;
2564;170;39;212;PROV2564;x;
2565;2;42;85;PROV2565;x;
2566;44;45;213;PROV2566;x;
2567;86;48;86;PROV2567;x;
2568;128;51;214;PROV2568;x;
2569;170;54;87;PROV2569;x;
2570;2;57;215;PROV2570;x;
2571;44;60;88;PROV2571;x;
2572;86;63;216;PROV2572;x;
2573;128;66;89;PROV2573;x;
2574;170;69;217;PROV2574;x;
2575;2;72;90;PROV2575;x;
2576;44;75;218;PROV2576;x;
2577;86;78;91;PROV2577;x;
2578;128;81;219;PROV2578;x;
2579;170;84;92;PROV2579;x;
2580;2;87;220;PROV2580;x;
2581;44;90;93;PROV2581;x;
2582;86;93;221;PROV2582;x;
2583;128;96;94;PROV2583;x;
2584;170;99;222;PROV2584;x;
2585;2;102;95;PROV2585;x;
2586;44;105;223;PROV2586;x;
2587;86;108;96;PROV2587;x;
2588;128;111;224;PROV2588;x;
2589;170;114;97;PROV2589;x;
2590;2;117;225;PROV2590;x;
2591;44;120;98;PROV2591;x;
2592;86;123;226;PROV2592;x;
2593;128;126;99;PROV2593;x;
2594;170;129;227;PROV2594;x;
2595;2;132;0;PROV2595;x;
2596;44;135;128;PROV2596;x;
2597;86;138;1;PROV2597;x;
2598;128;141;129;PROV2598;x;
2599;170;144;2;PROV2599;x;
2600;2;147;130;PROV2600;x;
2601;44;150;3;PROV2601;x;
2602;86;153;131;PROV2602;x;
2603;128;156;4;PROV2603;x;
2604;170;159;132;PROV2604;x;
2605;2;162;5;PROV2605;x;
2606;44;165;133;PROV2606;x;
2607;86;168;6;PROV2607;x;
2608;128;171;134;PROV2608;x;
2609;170;174;7;PROV2609;x;
2610;2;177;135;PROV2610;x;
2611;44;180;8;PROV2611;x;
2612;86;183;136;PROV2612;x;
2613;128;186;9;PROV2613;x;
2614;170;189;137;PROV2614;x;
2615;2;192;10;PROV2615;x;
2616;44;195;138;PROV2616;x;
2617;86;198;11;PROV2617;x;
2618;128;201;139;PROV2618;x;
2619;170;204;12;PROV2619;x;
2620;2;207;140;PROV2620;x;
2621;44;210;13;PROV2621;x;
2622;86;0;141;PROV2622;x;
2623;128;3;14;PROV2623;x;
2624;170;6;142;PROV2624;x;
2625;2;9;15;PROV2625;x;
2626;44;12;143;PROV2626;x;
2627;86;15;16;PROV2627;x;
2628;128;18;144;PROV2628;x;
2629;170;21;17;PROV2629;x;
2630;2;24;145;PROV2630;x;
2631;44;27;18;PROV2631;x;
2632;86;30;146;PROV2632;x;
2633;128;33;19;PROV2633;x;
2634;170;36;147;PROV2634;x;
2635;2;39;20;PROV2635;x;
2636;44;42;148;PROV2636;x;
2637;86;45;21;PROV2637;x;
2638;128;48;149;PROV2638;x;
2639;170;51;22;PROV2639;x;
2640;2;54;150;PROV2640;x;
2641;44;57;23;PROV2641;x;
2642;86;60;151;PROV2642;x;
2643;128;63;24;PROV2643;x;
2644;170;66;152;PROV2644;x;
2645;2;69;25;PROV2645;x;
2646;44;72;153;PROV2646;x;
2647;86;75;26;PROV2647;x;
2648;128;78;154;PROV2648;x;
2649;170;81;27;PROV2649;x;
2650;2;84;155;PROV2650;x;
2651;44;87;28;PROV2651;x;
2652;86;90;156;PROV2652;x;
2653;128;93;29;PROV2653;x;
2654;170;96;157;PROV2654;x;
2655;2;99;30;PROV2655;x;
2656;44;102;158;PROV2656;x;
2657;86;105;31;PROV2657;x;
2658;128;108;159;PROV2658;x;
2659;170;111;32;PROV2659;x;
2660;2;114;160;PROV2660;x;
2661;44;117;33;PROV2661;x;
2662;86;120;161;PROV2662;x;
2663;128;123;34;PROV2663;x;
2664;170;126;162;PROV2664;x;
2665;2;129;35;PROV2665;x;
2666;44;132;163;PROV2666;x;
2667;86;135;36;PROV2667;x;
2668;128;138;164;PROV2668;x;
2669;170;141;37;PROV2669;x;
2670;2;144;165;PROV2670;x;
2671;44;147;38;PROV2671;x;
2672;86;150;166;PROV2672;x;
2673;128;153;39;PROV2673;x;
2674;170;156;167;PROV2674;x;
2675;2;159;40;PROV2675;x;
2676;44;162;168;PROV2676;x;
2677;86;165;41;PROV2677;x;
2678;128;168;169;PROV2678;x;
2679;170;171;42;PROV2679;x;
2680;2;174;170;PROV2680;x;
2681;44;177;43;PROV2681;x;
2682;86;180;171;PROV2682;x;
2683;128;183;44;PROV2683;x;
2684;170;186;172;PROV2684;x;
2685;2;189;45;PROV2685;x;
2686;44;192;173;PROV2686;x;
2687;86;195;46;PROV2687;x;
2688;128;198;174;PROV2688;x;
2689;170;201;47;PROV2689;x;
2690;2;204;175;PROV2690;x;
2691;44;207;48;PROV2691;x;
2692;86;210;176;PROV2692;x;
2693;128;0;49;PROV2693;x;
2694;170;3;177;PROV2694;x;
2695;2;6;50;PROV2695;x;
2696;44;9;178;PROV2696;x;
2697;86;12;51;PROV2697;x;
2698;128;15;179;PROV2698;x;
2699;170;18;52;PROV2699;x;
2700;2;21;180;PROV2700;x;
2701;44;24;53;PROV2701;x;
2702;86;27;181;PROV2702;x;
2703;128;30;54;PROV2703;x;
2704;170;33;182;PROV2704;x;
2705;2;36;55;PROV2705;x;
2706;44;39;183;PROV2706;x;
2707;86;42;56;PROV2707;x;
2708;128;45;184;PROV2708;x;
2709;170;48;57;PROV2709;x;
2710;2;51;185;PROV2710;x;
2711;44;54;58;PROV2711;x;
2712;86;57;186;PROV2712;x;
2713;128;60;59;PROV2713;x;
2714;170;63;187;PROV2714;x;
2715;2;66;60;PROV2715;x;
2716;44;69;188;PROV2716;x;
2717;86;72;61;PROV2717;x;
2718;128;75;189;PROV2718;x;
2719;170;78;62;PROV2719;x;
2720;2;81;190;PROV2720;x;
2721;44;84;63;PROV2721;x;
2722;86;87;191;PROV2722;x;
2723;128;90;64;PROV2723;x;
2724;170;93;192;PROV2724;x;
2725;2;96;65;PROV2725;x;
2726;44;99;193;PROV2726;x;
2727;86;102;66;PROV2727;x;
2728;128;105;194;PROV2728;x;
2729;170;108;67;PROV2729;x;
2730;2;111;195;PROV2730;x;
2731;44;114;68;PROV2731;x;
2732;86;117;196;PROV2732;x;
2733;128;120;69;PROV2733;x;
2734;170;123;197;PROV2734;x;
2735;2;126;70;PROV2735;x;
2736;44;129;198;PROV2736;x;
2737;86;132;71;PROV2737;x;
2738;128;135;199;PROV2738;x;
2739;170;138;72;PROV2739;x;
2740;2;141;200;PROV2740;x;
2741;44;144;73;PROV2741;x;
2742;86;147;201;PROV2742;x;
2743;128;150;74;PROV2743;x;
2744;170;153;202;PROV2744;x;
2745;2;156;75;PROV2745;x;
2746;44;159;203;PROV2746;x;
2747;86;162;76;PROV2747;x;
2748;128;165;204;PROV2748;x;
2749;170;168;77;PROV2749;x;
2750;2;171;205;PROV2750;x;
2751;44;174;78;PROV2751;x;
2752;86;177;206;PROV2752;x;
2753;128;180;79;PROV2753;x;
2754;170;183;207;PROV2754;x;
2755;2;186;80;PROV2755;x;
2756;44;189;208;PROV2756;x;
2757;86;192;81;PROV2757;x;
2758;128;195;209;PROV2758;x;
2759;170;198;82;PROV2759;x;
2760;2;201;210;PROV2760;x;
2761;44;204;83;PROV2761;x;
2762;86;207;211;PROV2762;x;
2763;128;210;84;PROV2763;x;
2764;170;0;212;PROV2764;x;
2765;2;3;85;PROV2765;x;
2766;44;6;213;PROV2766;x;
2767;86;9;86;PROV2767;x;
2768;128;12;214;PROV2768;x;
2769;170;15;87;PROV2769;x;
2770;2;18;215;PROV2770;x;
2771;44;21;88;PROV2771;x;
2772;86;24;216;PROV2772;x;
2773;128;27;89;PROV2773;x;
2774;170;30;217;PROV2774;x;
2775;2;33;90;PROV2775;x;
2776;44;36;218;PROV2776;x;
2777;86;39;91;PROV2777;x;
2778;128;42;219;PROV2778;x;
2779;170;45;92;PROV2779;x;
2780;2;48;220;PROV2780;x;
2781;44;51;93;PROV2781;x;
2782;86;54;221;PROV2782;x;
2783;128;57;94;PROV2783;x;
2784;170;60;222;PROV2784;x;
2785;2;63;95;PROV2785;x;
2786;44;66;223;PROV2786;x;
2787;86;69;96;PROV2787;x;
2788;128;72;224;PROV2788;x;
2789;170;75;97;PROV2789;x;
2790;2;78;225;PROV2790;x;
2791;44;81;98;PROV2791;x;
2792;86;84;226;PROV2792;x;
2793;128;87;99;PROV2793;x;
2794;170;90;227;PROV2794;x;
2795;2;93;0;PROV2795;x;
2796;44;96;128;PROV2796;x;
2797;86;99;1;PROV2797;x;
2798;128;102;129;PROV2798;x;
2799;170;105;2;PROV2799;x;
2800;2;108;130;PROV2800;x;
2801;44;111;3;PROV2801;x;
2802;86;114;131;PROV2802;x;
2803;128;117;4;PROV2803;x;
2804;170;120;132;PROV2804;x;
2805;2;123;5;PROV2805;x;
2806;44;126;133;PROV2806;x;
2807;86;129;6;PROV2807;x;
2808;128;132;134;PROV2808;x;
2809;170;135;7;PROV2809;x;
2810;2;138;135;PROV2810;x;
2811;44;141;8;PROV2811;x;
2812;86;144;136;PROV2812;x;
2813;128;147;9;PROV2813;x;
2814;170;150;137;PROV2814;x;
2815;2;153;10;PROV2815;x;
2816;44;156;138;PROV2816;x;
2817;86;159;11;PROV2817;x;
2818;128;162;139;PROV2818;x;
2819;170;165;12;PROV2819;x;
2820;2;168;140;PROV2820;x;
2821;44;171;13;PROV2821;x;
2822;86;174;141;PROV2822;x;
2823;128;177;14;PROV2823;x;
2824;170;180;142;PROV2824;x;
2825;2;183;15;PROV2825;x;
2826;44;186;143;PROV2826;x;
2827;86;189;16;PROV2827;x;
2828;128;192;144;PROV2828;x;
2829;170;195;17;PROV2829;x;
2830;2;198;145;PROV2830;x;
2831;44;201;18;PROV2831;x;
2832;86;204;146;PROV2832;x;
2833;128;207;19;PROV2833;x;
2834;170;210;147;PROV2834;x;
2835;2;0;20;PROV2835;x;
2836;44;3;148;PROV2836;x;
2837;86;6;21;PROV2837;x;
2838;128;9;149;PROV2838;x;
2839;170;12;22;PROV2839;x;
2840;2;15;150;PROV2840;x;
2841;44;18;23;PROV2841;x;
2842;86;21;151;PROV2842;x;
2843;128;24;24;PROV2843;x;
2844;170;27;152;PROV2844;x;
2845;2;30;25;PROV2845;x;
2846;44;33;153;PROV2846;x;
2847;86;36;26;PROV2847;x;
2848;128;39;154;PROV2848;x;
2849;170;42;27;PROV2849;x;
2850;2;45;155;PROV2850;x;
2851;44;48;28;PROV2851;x;
2852;86;51;156;PROV2852;x;
2853;128;54;29;PROV2853;x;
2854;170;57;157;PROV2854;x;
2855;2;60;30;PROV2855;x;
2856;44;63;158;PROV2856;x;
2857;86;66;31;PROV2857;x;
2858;128;69;159;PROV2858;x;
2859;170;72;32;PROV2859;x;
2860;2;75;160;PROV2860;x;
2861;44;78;33;PROV2861;x;
2862;86;81;161;PROV2862;x;
2863;128;84;34;PROV2863;x;
2864;170;87;162;PROV2864;x;
2865;2;90;35;PROV2865;x;
2866;44;93;163;PROV2866;x;
2867;86;96;36;PROV2867;x;
2868;128;99;164;PROV2868;x;
2869;170;102;37;PROV2869;x;
2870;2;105;165;PROV2870;x;
2871;44;108;38;PROV2871;x;
2872;86;111;166;PROV2872;x;
2873;128;114;39;PROV2873;x;
2874;170;117;167;PROV2874;x;
2875;2;120;40;PROV2875;x;
2876;44;123;168;PROV2876;x;
2877;86;126;41;PROV2877;x;
2878;128;129;169;PROV2878;x;
2879;170;132;42;PROV2879;x;
2880;2;135;170;PROV2880;x;
2881;44;138;43;PROV2881;x;
2882;86;141;171;PROV2882;x;
2883;128;144;44;PROV2883;x;
2884;170;147;172;PROV2884;x;
2885;2;150;45;PROV2885;x;
2886;44;153;173;PROV2886;x;
2887;86;156;46;PROV2887;x;
2888;128;159;174;PROV2888;x;
2889;170;162;47;PROV2889;x;
2890;2;165;175;PROV2890;x;
2891;44;168;48;PROV2891;x;
2892;86;171;176;PROV2892;x;
2893;128;174;49;PROV2893;x;
2894;170;177;177;PROV2894;x;
2895;2;180;50;PROV2895;x;
2896;44;183;178;PROV2896;x;
2897;86;186;51;PROV2897;x;
2898;128;189;179;PROV2898;x;
2899;170;192;52;PROV2899;x;
2900;2;195;180;PROV2900;x;
2901;44;198;53;PROV2901;x;
2902;86;201;181;PROV2902;x;
2903;128;204;54;PROV2903;x;
2904;170;207;182;PROV2904;x;
2905;2;210;55;PROV2905;x;
2906;44;0;183;PROV2906;x;
2907;86;3;56;PROV2907;x;
2908;128;6;184;PROV2908;x;
2909;170;9;57;PROV2909;x;
2910;2;12;185;PROV2910;x;
2911;44;15;58;PROV2911;x;
2912;86;18;186;PROV2912;x;
2913;128;21;59;PROV2913;x;
2914;170;24;187;PROV2914;x;
2915;2;27;60;PROV2915;x;
2916;44;30;188;PROV2916;x;
2917;86;33;61;PROV2917;x;
2918;128;36;189;PROV2918;x;
2919;170;39;62;PROV2919;x;
2920;2;42;190;PROV2920;x;
2921;44;45;63;PROV2921;x;
2922;86;48;191;PROV2922;x;
2923;128;51;64;PROV2923;x;
2924;170;54;192;PROV2924;x;
2925;2;57;65;PROV2925;x;
2926;44;60;193;PROV2926;x;
2927;86;63;66;PROV2927;x;
2928;128;66;194;PROV2928;x;
2929;170;69;67;PROV2929;x;
2930;2;72;195;PROV2930;x;
2931;44;75;68;PROV2931;x;
2932;86;78;196;PROV2932;x;
2933;128;81;69;PROV2933;x;
2934;170;84;197;PROV2934;x;
2935;2;87;70;PROV2935;x;
2936;44;90;198;PROV2936;x;
2937;86;93;71;PROV2937;x;
2938;128;96;199;PROV2938;x;
2939;170;99;72;PROV2939;x;
2940;2;102;200;PROV2940;x;
2941;44;105;73;PROV2941;x;
2942;86;108;201;PROV2942;x;
2943;128;111;74;PROV2943;x;
2944;170;114;202;PROV2944;x;
2945;2;117;75;PROV2945;x;
2946;44;120;203;PROV2946;x;
2947;86;123;76;PROV2947;x;
2948;128;126;204;PROV2948;x;
2949;170;129;77;PROV2949;x;
2950;2;132;205;PROV2950;x;
2951;44;135;78;PROV2951;x;
2952;86;138;206;PROV2952;x;
2953;128;141;79;PROV2953;x;
2954;170;144;207;PROV2954;x;
2955;2;147;80;PROV2955;x;
2956;44;150;208;PROV2956;x;
2957;86;153;81;PROV2957;x;
2958;128;156;209;PROV2958;x;
2959;170;159;82;PROV2959;x;
2960;2;162;210;PROV2960;x;
2961;44;165;83;PROV2961;x;
2962;86;168;211;PROV2962;x;
2963;128;171;84;PROV2963;x;
2964;170;174;212;PROV2964;x;
2965;2;177;85;PROV2965;x;
2966;44;180;213;PROV2966;x;
2967;86;183;86;PROV2967;x;
2968;128;186;214;PROV2968;x;
2969;170;189;87;PROV2969;x;
2970;2;192;215;PROV2970;x;
2971;44;195;88;PROV2971;x;
2972;86;198;216;PROV2972;x;
2973;128;201;89;PROV2973;x;
2974;170;204;217;PROV2974;x;
2975;2;207;90;PROV2975;x;
2976;44;210;218;PROV2976;x;
2977;86;0;91;PROV2977;x;
2978;128;3;219;PROV2978;x;
2979;170;6;92;PROV2979;x;
2980;2;9;220;PROV2980;x;
2981;44;12;93;PROV2981;x;
2982;86;15;221;PROV2982;x;
2983;128;18;94;PROV2983;x;
2984;170;21;222;PROV2984;x;
2985;2;24;95;PROV2985;x;
2986;44;27;223;PROV2986;x;
2987;86;30;96;PROV2987;x;
2988;128;33;224;PROV2988;x;
2989;170;36;97;PROV2989;x;
2990;2;39;225;PROV2990;x;
2991;44;42;98;PROV2991;x;
2992;86;45;226;PROV2992;x;
2993;128;48;99;PROV2993;x;
2994;170;51;227;PROV2994;x;
2995;3;54;0;PROV2995;x;
2996;45;57;128;PROV2996;x;
2997;87;60;1;PROV2997;x;
2998;129;63;129;PROV2998;x;
2999;171;66;2;PROV2999;x;
3000;3;69;130;PROV3000;x;
3001;45;72;3;PROV3001;x;
3002;87;75;131;PROV3002;x;
3003;129;78;4;PROV3003;x;
3004;171;81;132;PROV3004;x;
3005;3;84;5;PROV3005;x;
3006;45;87;133;PROV3006;x;
3007;87;90;6;PROV3007;x;
3008;129;93;134;PROV3008;x;
3009;171;96;7;PROV3009;x;
3010;3;99;135;PROV3010;x;
3011;45;102;8;PROV3011;x;
3012;87;105;136;PROV3012;x;
3013;129;108;9;PROV3013;x;
3014;171;111;137;PROV3014;x;
3015;3;114;10;PROV3015;x;
3016;45;117;138;PROV3016;x;
3017;87;120;11;PROV3017;x;
3018;129;123;139;PROV3018;x;
3019;171;126;12;PROV3019;x;
3020;3;129;140;PROV3020;x;
3021;45;132;13;PROV3021;x;
3022;87;135;141;PROV3022;x;
3023;129;138;14;PROV3023;x;
3024;171;141;142;PROV3024;x;
3025;3;144;15;PROV3025;x;
3026;45;147;143;PROV3026;x;
3027;87;150;16;PROV3027;x;
3028;129;153;144;PROV3028;x;
3029;171;156;17;PROV3029;x;
3030;3;159;145;PROV3030;x;
3031;45;162;18;PROV3031;x;
3032;87;165;146;PROV3032;x;
3033;129;168;19;PROV3033;x;
3034;171;171;147;PROV3034;x;
3035;3;174;20;PROV3035;x;
3036;45;177;148;PROV3036;x;
3037;87;180;21;PROV3037;x;
3038;129;183;149;PROV3038;x;
3039;171;186;22;PROV3039;x;
3040;3;189;150;PROV3040;x;
3041;45;192;23;PROV3041;x;
3042;87;195;151;PROV3042;x;
3043;129;198;24;PROV3043;x;
3044;171;201;152;PROV3044;x;
3045;3;204;25;PROV3045;x;
3046;45;207;153;PROV3046;x;
3047;87;210;26;PROV3047;x;
3048;129;0;154;PROV3048;x;
3049;171;3;27;PROV3049;x;
3050;3;6;155;PROV3050;x;
3051;45;9;28;PROV3051;x;
3052;87;12;156;PROV3052;x;
3053;129;15;29;PROV3053;x;
3054;171;18;157;PROV3054;x;
3055;3;21;30;PROV3055;x;
3056;45;24;158;PROV3056;x;
3057;87;27;31;PROV3057;x;
3058;129;30;159;PROV3058;x;
3059;171;33;32;PROV3059;x;
3060;3;36;160;PROV3060;x;
3061;45;39;33;PROV3061;x;
3062;87;42;161;PROV3062;x;
3063;129;45;34;PROV3063;x;
3064;171;48;162;PROV3064;x;
3065;3;51;35;PROV3065;x;
3066;45;54;163;PROV3066;x;
3067;87;57;36;PROV3067;x;
3068;129;60;164;PROV3068;x;
3069;171;63;37;PROV3069;x;
3070;3;66;165;PROV3070;x;
3071;45;69;38;PROV3071;x;
3072;87;72;166;PROV3072;x;
3073;129;75;39;PROV3073;x;
3074;171;78;167;PROV3074;x;
3075;3;81;40;PROV3075;x;
3076;45;84;168;PROV3076;x;
3077;87;87;41;PROV3077;x;
3078;129;90;169;PROV3078;x;
3079;171;93;42;PROV3079;x;
3080;3;96;170;PROV3080;x;
3081;45;99;43;PROV3081;x;
3082;87;102;171;PROV3082;x;
3083;129;105;44;PROV3083;x;
3084;171;108;172;PROV3084;x;
3085;3;111;45;PROV3085;x;
3086;45;114;173;PROV3086;x;
3087;87;117;46;PROV3087;x;
3088;129;120;174;PROV3088;x;
3089;171;123;47;PROV3089;x;
3090;3;126;175;PROV3090;x;
3091;45;129;48;PROV3091;x;
3092;87;132;176;PROV3092;x;
3093;129;135;49;PROV3093;x;
3094;171;138;177;PROV3094;x;
3095;3;141;50;PROV3095;x;
3096;45;144;178;PROV3096;x;
3097;87;147;51;PROV3097;x;
3098;129;150;179;PROV3098;x;
3099;171;153;52;PROV3099;x;
3100;3;156;180;PROV3100;x;
3101;45;159;53;PROV3101;x;
3102;87;162;181;PROV3102;x;
3103;129;165;54;PROV3103;x;
3104;171;168;182;PROV3104;x;
3105;3;171;55;PROV3105;x;
3106;45;174;183;PROV3106;x;
3107;87;177;56;PROV3107;x;
3108;129;180;184;PROV3108;x;
3109;171;183;57;PROV3109;x;
3110;3;186;185;PROV3110;x;
3111;45;189;58;PROV3111;x;
3112;87;192;186;PROV3112;x;
3113;129;195;59;PROV3113;x;
3114;171;198;187;PROV3114;x;
3115;3;201;60;PROV3115;x;
3116;45;204;188;PROV3116;x;
3117;87;207;61;PROV3117;x;
3118;129;210;189;PROV3118;x;
3119;171;0;62;PROV3119;x;
3120;3;3;190;PROV3120;x;
3121;45;6;63;PROV3121;x;
3122;87;9;191;PROV3122;x
3123;129;12;64;PROV3123;x
3124;171;15;192;PROV3124;x
3125;3;18;65;PROV3125;x
3126;45;21;193;PROV3126;x
3127;87;24;66;PROV3127;x
3128;129;27;194;PROV3128;x
3129;171;30;67;PROV3129;x
3130;3;33;195;PROV3130;x
3131;45;36;68;PROV3131;x
3132;87;39;196;PROV3132;x
3133;129;42;69;PROV3133;x
3134;171;45;197;PROV3134;x
3135;3;48;70;;x
3136;45;51;198;Hei_2;x
3137;87;54;71;Hei_3;x
3138;129;57;199;Hei_4;x
3139;171;60;72;Tono_2;x